Référence,Désignation,"Q/té
(gellule)","Q/té
(plaquette)","Q/té
(boite)",P/ gellule,P/ plaquette,P/ boite,D/ de péremption,Libellé de l'article
PRDT--782,,0,0,0,"0,00 Ar","0,00 Ar","0,00 Ar",,
PRDT--50,ACIDE BENZOIC POMMADE,0,0,10,"0,00 Ar","0,00 Ar","4 500,00 Ar",21/06/2023,
PRDT--696,ACIVIR CREME,0,0,0,"0,00 Ar","0,00 Ar","8 500,00 Ar",30/12/2023,
PRDT--46,ACUPAN INJ B/5 AMP,0,6,1,"0,00 Ar","5 500,00 Ar","27 500,00 Ar",30/03/2025,
PRDT--728,ACYCLOVIR DENK 200MG COMP B/5*5,0,3,0,"0,00 Ar","13 500,00 Ar","66 000,00 Ar",28/02/2025,
PRDT--32,ADIPINE 10MG COMP,0,21,7,"0,00 Ar","2 500,00 Ar","7 500,00 Ar",30/11/2025,
PRDT--756,ADIPINE 5MG COMP,0,1,0,"0,00 Ar","1 900,00 Ar","5 700,00 Ar",30/05/2025,
PRDT--29,ADVIL 200MG COMP,0,0,2,"0,00 Ar","0,00 Ar","8 500,00 Ar",30/01/2024,
PRDT--474,ADVILMED SUSP,0,0,0,"0,00 Ar","0,00 Ar","19 500,00 Ar",30/09/2024,
PRDT--597,AERIUS COMP 5MG B/7,0,0,1,"0,00 Ar","0,00 Ar","21 900,00 Ar",28/02/2024,
PRDT--30,AERIUS SIROP,0,0,1,"0,00 Ar","0,00 Ar","27 500,00 Ar",01/01/2024,
PRDT--476,AIGUILLE BLEU G23,0,99,0,"0,00 Ar","500,00 Ar","50 000,00 Ar",30/12/2026,
PRDT--540,AIGUILLE ROSE,0,1,0,"0,00 Ar","200,00 Ar","20 000,00 Ar",01/07/2025,
PRDT--475,AIGUILLE VERT G21,0,89,0,"0,00 Ar","500,00 Ar","50 000,00 Ar",30/08/2025,
PRDT--574,ALCOOL 90°C FL/30CC,0,0,25,"0,00 Ar","0,00 Ar","2 000,00 Ar",30/11/2024,
PRDT--603,ALDOMET 500MG COMP,80,8,2,"1 500,00 Ar","15 000,00 Ar","43 000,00 Ar",30/12/2023,
PRDT--685,ALERID 5MG/5ML SIROP FL/30ML,0,0,4,"0,00 Ar","0,00 Ar","7 700,00 Ar",30/01/2025,
PRDT--31,ALERID COMP,0,12,1,"0,00 Ar","4 500,00 Ar","45 000,00 Ar",30/08/2023,
PRDT--131,ALLERGINE SIROP,0,0,4,"0,00 Ar","0,00 Ar","13 700,00 Ar",30/12/2024,
PRDT--596,ALMINIUM HYDROXIDE 500MG COMP,0,17,1,"0,00 Ar","700,00 Ar","7 000,00 Ar",30/11/2024,
PRDT--4,AlVITYL SIROP,0,0,4,"0,00 Ar","0,00 Ar","25 700,00 Ar",30/01/2024,
PRDT--22,AMADAY 10MG COMP,0,20,6,"0,00 Ar","15 500,00 Ar","46 500,00 Ar",30/08/2025,
PRDT--21,AMADAY 5MG COMP,0,10,3,"0,00 Ar","10 500,00 Ar","30 800,00 Ar",30/06/2025,
PRDT--33,AMAREL 2MG COMP,0,0,0,"0,00 Ar","0,00 Ar","41 000,00 Ar",24/02/2025,
PRDT--34,AMAREL 4MG COMP ,0,0,0,"0,00 Ar","0,00 Ar","86 000,00 Ar",01/11/2022,
PRDT--35,AMARYL 2MG/500 M/SR,0,0,2,"0,00 Ar","0,00 Ar","43 900,00 Ar",30/05/2024,
PRDT--477,AMARYL M 2/500MG COMP,0,0,4,"0,00 Ar","0,00 Ar","52 500,00 Ar",30/04/2024,
PRDT--20,AMLONG 10MG COMP,0,29,9,"0,00 Ar","10 900,00 Ar","32 400,00 Ar",30/05/2025,
PRDT--19,AMLONG 5MG COMP,0,3,1,"0,00 Ar","7 500,00 Ar","22 500,00 Ar",30/03/2025,
PRDT--478,AMLOPRESS 10MG COMP,0,27,2,"0,00 Ar","3 500,00 Ar","35 000,00 Ar",28/02/2025,
PRDT--36,AMLOPRESS 5MG COMP,0,39,3,"0,00 Ar","1 700,00 Ar","17 000,00 Ar",30/03/2025,
PRDT--23,AMLOZAAR 50MG COMP,0,17,5,"0,00 Ar","15 500,00 Ar","45 500,00 Ar",30/07/2024,
PRDT--7,AMOXICILLINE 125 MG PPS,0,0,18,"0,00 Ar","0,00 Ar","4 500,00 Ar",30/04/1942,
PRDT--678,Amoxicilline 250MG gelule,0,0,0,"0,00 Ar","1 500,00 Ar","15 000,00 Ar",30/05/2025,
PRDT--6,AMOXICILLINE 250 MG PPS,0,0,9,"0,00 Ar","0,00 Ar","5 500,00 Ar",30/05/2025,
PRDT--5,AMOXICILLINE 500MG GELULE,0,0,0,"200,00 Ar","2 000,00 Ar","20 000,00 Ar",30/04/2025,
PRDT--40,AMOXICLANIC 500/125 COMP,0,0,0,"0,00 Ar","0,00 Ar","11 700,00 Ar",28/02/2025,
PRDT--604,AMOXICLANIC 500/62.5MG,0,0,0,"0,00 Ar","0,00 Ar","11 700,00 Ar",28/02/2025,
PRDT--76,AMOXICLAV DENK 500/62.5 COMP,0,0,0,"0,00 Ar","0,00 Ar","30 500,00 Ar",28/02/2024,
PRDT--8,AMPICILLINE 1G INJ,0,815,16,"0,00 Ar","1 200,00 Ar","60 000,00 Ar",30/03/2025,
PRDT--9,AMPICILLINE 500MG GELULE,1 804,180,18,"200,00 Ar","2 000,00 Ar","20 000,00 Ar",30/05/2025,
PRDT--479,ANGIZAAR 100MG COMP,0,8,2,"0,00 Ar","12 900,00 Ar","38 500,00 Ar",30/09/2025,
PRDT--25,ANGIZAAR 50MG COMP,0,24,8,"0,00 Ar","11 900,00 Ar","35 300,00 Ar",30/07/2025,
PRDT--24,ANGIZAAR H COMP,0,31,10,"0,00 Ar","12 900,00 Ar","38 700,00 Ar",30/06/2025,
PRDT--42,ANMOL SIROP,0,0,24,"0,00 Ar","0,00 Ar","3 500,00 Ar",30/09/2025,
PRDT--481,ANTHEL 400MG COMP,0,44,1,"0,00 Ar","1 200,00 Ar","30 000,00 Ar",30/01/2025,
PRDT--480,ANTHEL SIROP,0,0,12,"0,00 Ar","0,00 Ar","3 500,00 Ar",30/08/2025,
PRDT--605,ANTIBIO SYLANAR GOUTTE AURIC,0,0,1,"0,00 Ar","0,00 Ar","13 500,00 Ar",30/09/2023,
PRDT--10,ANTI HEMOROIDAIRE (PYLOCAINE POMMADE),0,0,0,"0,00 Ar","0,00 Ar","10 500,00 Ar",30/03/2025,
PRDT--11,APDYL H SIROP,0,0,0,"0,00 Ar","0,00 Ar","9 500,00 Ar",30/04/2026,
PRDT--737,ARBITEL 80MG COMP B/3*10,0,0,0,"0,00 Ar","20 000,00 Ar","59 700,00 Ar",30/07/2024,
PRDT--41,ARPHOS AMP BUV,0,0,3,"0,00 Ar","0,00 Ar","32 500,00 Ar",01/10/2023,
PRDT--48,ARTEFAN 80/480MG COMP,0,0,0,"0,00 Ar","0,00 Ar","25 700,00 Ar",30/11/2024,
PRDT--47,ARTEFAN DISPERSIBLE 20/120,0,0,5,"0,00 Ar","0,00 Ar","9 500,00 Ar",28/02/2024,
PRDT--747,ASCABUOL LOTION F/125ML,0,0,0,"0,00 Ar","0,00 Ar","26 700,00 Ar",30/08/2027,
PRDT--606,ASPEGIC 1000MG SACHET,0,61,3,"0,00 Ar","900,00 Ar","18 000,00 Ar",30/10/2024,
PRDT--13,ASPEGIC 100MG SACHET,0,57,2,"0,00 Ar","500,00 Ar","9 500,00 Ar",30/01/2024,
PRDT--641,ASPEGIC 250MG SACHET,0,108,5,"0,00 Ar","600,00 Ar","10 500,00 Ar",30/01/2024,
PRDT--12,ASPEGIC 500MG SACHET,0,0,0,"0,00 Ar","700,00 Ar","12 500,00 Ar",30/06/2024,
PRDT--14,ASPIRINE 500MG COMP,0,40,4,"0,00 Ar","1 000,00 Ar","10 000,00 Ar",30/04/2025,
PRDT--15,ASPIRINE UPSA 1G,0,4,2,"0,00 Ar","9 500,00 Ar","18 700,00 Ar",28/02/2024,
PRDT--49,ASTHALIN AERO ,0,0,5,"0,00 Ar","0,00 Ar","18 900,00 Ar",30/04/2024,
PRDT--45,ATARAX 25MG COMP,0,38,1,"0,00 Ar","700,00 Ar","21 000,00 Ar",30/11/2026,
PRDT--190,ATENOLOL 50MG (HIPRES 50),0,1,0,"0,00 Ar","2 500,00 Ar","25 000,00 Ar",30/05/2025,
PRDT--26,ATORFIT 10MG,0,7,2,"0,00 Ar","13 900,00 Ar","41 600,00 Ar",30/04/2024,
PRDT--27,ATORFIT 20MG COMP,0,9,3,"0,00 Ar","21 500,00 Ar","64 400,00 Ar",30/09/2024,
PRDT--459,ATROPINE SULF(CIRATRO)1G INJ,0,7,0,"0,00 Ar","900,00 Ar","9 000,00 Ar",30/05/2025,
PRDT--659,AUGMENTIN 100MG ENF,0,0,1,"0,00 Ar","0,00 Ar","32 000,00 Ar",30/03/2024,
PRDT--18,AUGMENTIN 100MG PPS NN,0,0,0,"0,00 Ar","0,00 Ar","17 500,00 Ar",30/04/2024,
PRDT--16,AUGMENTIN 1G SACHET,0,26,2,"0,00 Ar","4 500,00 Ar","51 900,00 Ar",30/04/2024,
PRDT--681,AUGMENTIN 500MG COMP,0,0,3,"0,00 Ar","0,00 Ar","36 000,00 Ar",30/11/2023,
PRDT--17,AUGMENTIN 500MG SACHET,0,0,0,"0,00 Ar","0,00 Ar","31 000,00 Ar",01/02/2023,
PRDT--51,AUREOMYCINE SPECIA 3% POMMADE,0,0,0,"0,00 Ar","0,00 Ar","10 500,00 Ar",30/04/2025,
PRDT--535,AVAMYS SPRAY,0,0,0,"0,00 Ar","0,00 Ar","19 700,00 Ar",30/08/2024,
PRDT--38,AVAS 10MG COMP,0,7,2,"0,00 Ar","9 500,00 Ar","27 500,00 Ar",30/06/2023,
PRDT--37,AVAS 20MG COMP,0,13,4,"0,00 Ar","18 700,00 Ar","55 700,00 Ar",30/05/2024,
PRDT--39,AVAS 40MG COMP,0,17,5,"0,00 Ar","20 000,00 Ar","60 000,00 Ar",30/03/2025,
PRDT--28, AVIR CREME T/15,0,0,0,"0,00 Ar","0,00 Ar","8 500,00 Ar",30/11/2024,
PRDT--43,AZIk 250MG COMP,0,0,10,"0,00 Ar","0,00 Ar","10 500,00 Ar",30/05/2025,250
PRDT--235,AZIK 500 MG,0,0,0,"0,00 Ar","0,00 Ar","13 500,00 Ar",30/01/2024,
PRDT--44,AZILIN 250MG PPS,0,0,0,"0,00 Ar","0,00 Ar","7 500,00 Ar",30/03/2024,
PRDT--607,AZILIN 500MG,0,0,0,"0,00 Ar","10 000,00 Ar","100 000,00 Ar",30/03/2025,
PRDT--799,AZITHROMYCINE SHIFA 500MG B/3,0,0,0,"0,00 Ar","0,00 Ar","8 000,00 Ar",30/03/2024,
PRDT--454,BACTODERME CREME T/15,0,0,5,"0,00 Ar","0,00 Ar","5 500,00 Ar",30/01/2025,
PRDT--520,BACTRIM SIROP,0,0,0,"0,00 Ar","0,00 Ar","16 500,00 Ar",01/05/2023,
PRDT--789,BAIN DE BOUCHE EAU EXILLIR,0,0,0,"0,00 Ar","0,00 Ar","9 700,00 Ar",10/10/2024,
PRDT--64,BANDE CREPE 4*5 SC,0,0,0,"0,00 Ar","0,00 Ar","4 500,00 Ar",30/10/2026,
PRDT--691,BANDE CREPE 4*5 VELPEAU(SOUS CARTON),0,0,0,"0,00 Ar","0,00 Ar","6 500,00 Ar",30/12/2026,
PRDT--656,BANDE CREPE 4*7 SOUS CELLO,0,0,0,"0,00 Ar","0,00 Ar","5 500,00 Ar",30/07/2025,
PRDT--692,BANDE CREPE 4*7 VELPEAU (SOUS CARTON),0,0,4,"0,00 Ar","0,00 Ar","7 800,00 Ar",30/05/2027,
PRDT--468,BAUME FOSA VANIALA POT/30G,0,0,0,"0,00 Ar","0,00 Ar","12 000,00 Ar",30/01/2025,
PRDT--786,BAUME HELYCHRISE,0,0,1,"0,00 Ar","0,00 Ar","12 600,00 Ar",30/10/2024,
PRDT--787,BAUME MAHER ENFANT,0,0,0,"0,00 Ar","0,00 Ar","12 600,00 Ar",30/10/2024,
PRDT--63,BECILAN 250MG COMP ,65,6,1,"1 500,00 Ar","15 000,00 Ar","58 600,00 Ar",30/12/2023,
PRDT--62,BECILAN INJ,0,2,0,"0,00 Ar","5 500,00 Ar","27 500,00 Ar",28/02/2027,
PRDT--66,BECLATE AEROSOL ,0,0,10,"0,00 Ar","0,00 Ar","35 000,00 Ar",30/06/2025,
PRDT--67,BEDELIX SACHET ,0,42,1,"0,00 Ar","1 200,00 Ar","36 000,00 Ar",28/02/2025,
PRDT--58,BENDEX 200MG SUSP,0,0,0,"0,00 Ar","0,00 Ar","5 500,00 Ar",30/08/2024,
PRDT--57,BENDEX 400MG COMP,0,62,3,"0,00 Ar","2 500,00 Ar","0,00 Ar",30/05/2024,
PRDT--566,BENZANTYL PENICILLINE 2.4M,0,27,2,"0,00 Ar","2 100,00 Ar","16 000,00 Ar",30/01/2025,
PRDT--52,BEPANTHENE CREME ,0,0,0,"0,00 Ar","0,00 Ar","50 500,00 Ar",30/09/2025,
PRDT--55,BETADINE BLEU F/125ML,0,0,0,"0,00 Ar","0,00 Ar","11 500,00 Ar",30/01/2025,
PRDT--54,BETADINE JAUNE F/125ML,0,0,1,"0,00 Ar","0,00 Ar","12 500,00 Ar",30/10/2024,
PRDT--575,BETADINE UNIDOSE,0,0,0,"0,00 Ar","3 500,00 Ar","175 000,00 Ar",01/02/2023,
PRDT--56,BETADINE VERT F/125ML,0,0,3,"0,00 Ar","0,00 Ar","11 500,00 Ar",30/07/2024,
PRDT--662,BETNEVAL CREME T30,0,0,0,"0,00 Ar","0,00 Ar","17 000,00 Ar",30/06/2024,
PRDT--59,BEVITINE 100MG INJ B/5,0,15,3,"0,00 Ar","3 500,00 Ar","17 500,00 Ar",30/10/2024,
PRDT--595,BEVITINE COMP 250MG,46,4,2,"1 400,00 Ar","14 000,00 Ar","28 000,00 Ar",30/11/2024,
PRDT--729,BIAFINE EMULSION T/186,0,0,0,"0,00 Ar","0,00 Ar","29 000,00 Ar",28/02/2024,
PRDT--53,BIAFINE EMULSION T/93,0,0,0,"0,00 Ar","0,00 Ar","18 500,00 Ar",30/05/2025,
PRDT--65,BIBERON COMPLET VERRE ,0,0,5,"0,00 Ar","0,00 Ar","50 600,00 Ar",30/01/2027,
PRDT--680,BINAFIN (TERBINAFINE ) T/15G,0,0,0,"0,00 Ar","0,00 Ar","4 700,00 Ar",30/05/2023,
PRDT--70,BIOFAR 12 VITAMINES 12 MINERAUX,0,0,0,"0,00 Ar","0,00 Ar","30 500,00 Ar",30/10/2024,
PRDT--69,BIOFAR CALCIUM MAGNESIUM,0,0,3,"0,00 Ar","0,00 Ar","30 500,00 Ar",30/09/2025,
PRDT--72,BIOFAR CALCIUM VITAMIN D3,0,0,0,"0,00 Ar","0,00 Ar","24 700,00 Ar",30/10/2025,
PRDT--771,BIOFARE VITAMINE C 500MG,0,0,3,"0,00 Ar","0,00 Ar","25 500,00 Ar",30/10/2024,
PRDT--68,BIOFAR MAGNESIUM VIT B6,0,0,0,"0,00 Ar","0,00 Ar","29 500,00 Ar",30/10/2024,
PRDT--71,BIOFAR VITAMINE C 1G,0,0,0,"0,00 Ar","0,00 Ar","26 900,00 Ar",01/10/2023,
PRDT--61,BI PENICILLINE 1M INJ ,0,30,3,"0,00 Ar","1 100,00 Ar","11 000,00 Ar",28/02/2025,
PRDT--456,BI PROFENIDE LP 100MG COMP,0,0,0,"1 500,00 Ar","15 000,00 Ar","29 800,00 Ar",30/11/2023,
PRDT--584,BLEDILAIT 3,0,0,3,"0,00 Ar","0,00 Ar","26 500,00 Ar",30/03/2024,
PRDT--457,BOLINAN COMP,0,12,0,"0,00 Ar","3 000,00 Ar","44 400,00 Ar",01/12/2022,
PRDT--73,BOM BOM SIROP,0,0,0,"0,00 Ar","0,00 Ar","18 400,00 Ar",30/01/2024,
PRDT--74,BRULEX POMMADE,0,0,1,"0,00 Ar","0,00 Ar","34 000,00 Ar",30/10/2023,
PRDT--75,BUTO ASMA AEROSOL,0,0,0,"0,00 Ar","0,00 Ar","19 400,00 Ar",28/02/2024,
PRDT--77,CA C 1000 COMP EFFER,0,0,37,"0,00 Ar","0,00 Ar","17 900,00 Ar",30/04/2024,
PRDT--538,CACIT VITAMINE D3 SACHET,0,0,0,"0,00 Ar","1 700,00 Ar","51 000,00 Ar",30/06/2025,
PRDT--458,CALAX COMP,0,0,0,"0,00 Ar","800,00 Ar","8 000,00 Ar",30/06/2025,
PRDT--78,CALCIBRONATE 2G COMP EFFER,0,0,2,"0,00 Ar","0,00 Ar","21 700,00 Ar",30/07/2025,
PRDT--660,CALCI FORT VIT D3 COMP,0,0,0,"0,00 Ar","1 500,00 Ar","3 000,00 Ar",30/08/2026,
PRDT--705,CALCIUM  GLUCONATE 10% INJ,0,76,1,"0,00 Ar","2 000,00 Ar","100 000,00 Ar",30/03/2025,
PRDT--80,CALCIUM MASY,0,0,3,"0,00 Ar","0,00 Ar","6 700,00 Ar",30/01/2024,
PRDT--79,CALSOURCE COMP EFFER,0,0,1,"0,00 Ar","0,00 Ar","24 500,00 Ar",30/11/2024,
PRDT--663,CANDIGEN CREME,0,0,0,"0,00 Ar","0,00 Ar","2 500,00 Ar",30/04/2025,
PRDT--81,CANDISTATINE CREME T/20G,0,0,5,"0,00 Ar","0,00 Ar","8 500,00 Ar",30/03/2025,
PRDT--84,CAPTOPRIL 25MG COMP,0,41,4,"0,00 Ar","700,00 Ar","10 000,00 Ar",30/12/2024,
PRDT--87,CARBAMAZEPINE200MG COMP,0,56,5,"0,00 Ar","2 500,00 Ar","19 000,00 Ar",30/06/2025,
PRDT--85,CARBOKOF SIROP ADUL,0,0,5,"0,00 Ar","0,00 Ar","9 500,00 Ar",30/09/2025,
PRDT--86,CARBOKOF SIROP ENF,0,0,0,"0,00 Ar","0,00 Ar","5 900,00 Ar",28/02/2025,
PRDT--736,CARDISURE 1COMP0MG ,0,0,0,"0,00 Ar","1 300,00 Ar","12 700,00 Ar",28/02/2025,
PRDT--748,CARTEOL LP 2% COL,0,0,3,"0,00 Ar","0,00 Ar","27 900,00 Ar",30/01/2024,
PRDT--88,CARVEDI-DENK 25 COMP,0,2,0,"0,00 Ar","10 900,00 Ar","32 500,00 Ar",30/04/2024,
PRDT--89,CARVEDI-DENK 6.25 COMP,0,6,2,"0,00 Ar","15 500,00 Ar","46 400,00 Ar",30/09/2024,
PRDT--671,CATHETER BLEU,0,0,0,"0,00 Ar","1 700,00 Ar","170 000,00 Ar",01/08/2026,
PRDT--716,CATHETER JAUNEG24B/100,0,38,0,"0,00 Ar","1 700,00 Ar","170 000,00 Ar",30/03/2026,
PRDT--90,CEFIX 200MG COMP,0,95,10,"0,00 Ar","3 900,00 Ar","37 500,00 Ar",01/10/2023,
PRDT--653,CEFIXIME 200MG COMP,0,0,0,"1 000,00 Ar","10 000,00 Ar","10 000,00 Ar",30/10/2023,
PRDT--800,CEFIXIME SIROP,0,0,9,"0,00 Ar","0,00 Ar","14 300,00 Ar",30/04/2025,
PRDT--473,CEFTRIAXONE 1G INJ,0,0,42,"0,00 Ar","0,00 Ar","3 500,00 Ar",30/07/2025,
PRDT--712,CELEMIN 5-S fL 500ML  .,0,0,0,"0,00 Ar","0,00 Ar","65 000,00 Ar",30/05/2023,
PRDT--713,CELEPID 10% FL500ML .,0,0,1,"0,00 Ar","0,00 Ar","65 000,00 Ar",30/05/2023,
PRDT--650,CELESTENE GOUTTE,0,0,3,"0,00 Ar","0,00 Ar","23 400,00 Ar",30/04/2024,
PRDT--711,CETAMINE comp B:10x10,12,1,0,"1 500,00 Ar","15 000,00 Ar","150 000,00 Ar",30/12/2024,
PRDT--93,CHARBOM 500MG COMP,0,13,1,"0,00 Ar","2 000,00 Ar","20 000,00 Ar",30/08/2025,
PRDT--94,CHARBOM FARMAD B/12,0,0,0,"0,00 Ar","0,00 Ar","9 000,00 Ar",01/10/2023,
PRDT--95,CHESTON SIROP ,0,0,6,"0,00 Ar","0,00 Ar","6 500,00 Ar",30/11/2024,
PRDT--96,CHIBRO-CADRON COLL,0,0,0,"0,00 Ar","0,00 Ar","13 700,00 Ar",30/08/2025,
PRDT--97,CHLORPHENIRAMINE 4MG COMP,0,60,6,"0,00 Ar","1 000,00 Ar","10 000,00 Ar",30/06/2025,
PRDT--98,CHLORPHENIRAMINE SIROP,0,0,8,"0,00 Ar","0,00 Ar","3 500,00 Ar",30/10/2025,
PRDT--598,CIMETIDINE 200MG COMP,0,21,2,"0,00 Ar","1 600,00 Ar","16 000,00 Ar",30/10/2024,
PRDT--99,CIMETIDINE 200MG INJ,0,12,1,"0,00 Ar","500,00 Ar","5 000,00 Ar",30/06/2025,
PRDT--549,CIPCAL SIROP,0,0,1,"0,00 Ar","0,00 Ar","15 400,00 Ar",30/05/2024,
PRDT--100,CIPROFLOXACINE 500MG COMP,0,39,3,"0,00 Ar","2 000,00 Ar","20 000,00 Ar",28/02/2025,
PRDT--683,CIPROX PERF 200MG FL/100,0,0,6,"0,00 Ar","0,00 Ar","4 500,00 Ar",30/10/2024,
PRDT--101,CIPROZOLE FORT COMP,0,0,1,"0,00 Ar","0,00 Ar","29 500,00 Ar",30/11/2025,
PRDT--92,CIROVIN GOUTEE 1% ADUL,0,0,0,"0,00 Ar","0,00 Ar","3 500,00 Ar",30/11/2025,
PRDT--91,CIROVIN GOUTTE 0.5% ENF,0,0,1,"0,00 Ar","0,00 Ar","2 800,00 Ar",30/07/2025,
PRDT--514,CIROVIT SIROP,0,0,0,"0,00 Ar","0,00 Ar","4 400,00 Ar",30/04/2024,
PRDT--110,CITRATE DE BETAINE,0,8,4,"0,00 Ar","14 700,00 Ar","29 400,00 Ar",30/04/2025,
PRDT--112,CLAMOXYL 125MG PPS,0,0,0,"0,00 Ar","0,00 Ar","8 900,00 Ar",30/11/2024,
PRDT--698,CLAMOXYL 1G COMP DISP,0,0,0,"0,00 Ar","0,00 Ar","19 400,00 Ar",30/08/2024,
PRDT--111,CLAMOXYL 250MG PPS,0,0,0,"0,00 Ar","0,00 Ar","9 500,00 Ar",30/09/2024,
PRDT--113,CLAMOXYL 500MG GELULE,0,0,9,"0,00 Ar","0,00 Ar","11 500,00 Ar",30/08/2025,
PRDT--128,CLARITHROMYCINE 500MG COMP,0,0,0,"0,00 Ar","0,00 Ar","41 000,00 Ar",30/04/2024,
PRDT--114,CLOMID 50MG COMP,0,0,3,"0,00 Ar","0,00 Ar","25 500,00 Ar",30/10/2024,
PRDT--82,CLOTRILIN CREME,0,0,0,"0,00 Ar","0,00 Ar","3 700,00 Ar",30/03/2025,
PRDT--116,CLOTRILIN SOLUT BUC,0,0,6,"0,00 Ar","0,00 Ar","4 000,00 Ar",30/11/2025,
PRDT--83,CLOTRLIN V CREME,0,0,2,"0,00 Ar","0,00 Ar","4 500,00 Ar",30/06/2025,
PRDT--104,CLOVIGEL N B/6,0,0,11,"0,00 Ar","0,00 Ar","6 900,00 Ar",30/04/2024,
PRDT--106,CLOXACILLINE 125MG PPS,0,0,13,"0,00 Ar","0,00 Ar","4 500,00 Ar",30/03/2024,
PRDT--107,CLOXACILLINE 250MG PPS,0,0,13,"0,00 Ar","0,00 Ar","6 900,00 Ar",30/11/2024,
PRDT--105,CLOXACILLINE 500MG GELULE,0,18,1,"0,00 Ar","4 500,00 Ar","45 000,00 Ar",30/03/2024,
PRDT--707,COARTEM 20/120 COMP BTE12,0,0,3,"0,00 Ar","0,00 Ar","16 500,00 Ar",30/03/2024,
PRDT--127,COARTEM  80/480 COMP,0,0,0,"0,00 Ar","0,00 Ar","24 700,00 Ar",30/04/2023,
PRDT--608,CO DOLIPRANE 400MG COMP,0,0,0,"0,00 Ar","6 000,00 Ar","12 000,00 Ar",30/11/2023,
PRDT--541,COLCHICINE FARMAD,0,0,0,"0,00 Ar","0,00 Ar","9 000,00 Ar",01/10/2023,
PRDT--109,COLCHICINE OPOCALCIUM,0,0,2,"0,00 Ar","0,00 Ar","16 900,00 Ar",30/04/2026,
PRDT--591,COLGATE TRIPLEACTION GM,0,0,2,"0,00 Ar","0,00 Ar","6 000,00 Ar",30/03/2024,
PRDT--686,COLGATE TRIPLEACTION PM,0,0,1,"0,00 Ar","0,00 Ar","4 000,00 Ar",30/05/2024,
PRDT--730,COLICALM COMP B/20,0,0,3,"0,00 Ar","0,00 Ar","26 900,00 Ar",30/07/2027,
PRDT--115,COLPOTROPHINE 10MG OVULE,0,0,1,"0,00 Ar","0,00 Ar","35 500,00 Ar",30/01/2024,
PRDT--117,COMBIMAL COMP,0,29,0,"0,00 Ar","2 000,00 Ar","75 000,00 Ar",30/04/2026,
PRDT--126,COMPRESSE20*20 B/10,0,0,0,"0,00 Ar","0,00 Ar","6 500,00 Ar",30/07/2025,
PRDT--125,COMPRESSE 30*30 B/10,0,0,0,"0,00 Ar","0,00 Ar","7 900,00 Ar",30/04/2025,
PRDT--124,COMPRESSE 40*40 B/100,0,0,0,"0,00 Ar","1 000,00 Ar","100 000,00 Ar",30/12/2026,
PRDT--718,COMPRESSE .40X40 B/10 TETRA,0,0,0,"0,00 Ar","0,00 Ar","8 500,00 Ar",01/04/2026,
PRDT--460,COMPRESSE STERIL 40*40 B/10,0,0,0,"0,00 Ar","0,00 Ar","12 500,00 Ar",01/03/2023,
PRDT--118,COQUELUSEDAL SUP BB,0,0,0,"0,00 Ar","1 200,00 Ar","12 000,00 Ar",30/05/2025,
PRDT--524,COQUELUSEDAL SUP ENF,0,10,1,"0,00 Ar","1 200,00 Ar","12 000,00 Ar",30/10/2025,
PRDT--119,CORORANGE GOUTTE,0,0,8,"0,00 Ar","0,00 Ar","3 500,00 Ar",30/06/2024,
PRDT--120,CORTANCYL 5MG COMP,0,0,0,"0,00 Ar","500,00 Ar","12 400,00 Ar",30/03/2024,
PRDT--129,COTON HYDROPH 100G,0,0,0,"0,00 Ar","0,00 Ar","6 500,00 Ar",30/04/2024,
PRDT--578,COTON HYDROPH 10G,0,10,0,"0,00 Ar","1 200,00 Ar","9 600,00 Ar",30/03/2024,
PRDT--130,COTON HYDROPH 50G,0,0,3,"0,00 Ar","0,00 Ar","4 000,00 Ar",30/04/2024,
PRDT--677,Cotrimoxazole susp 100ml,0,0,10,"0,00 Ar","0,00 Ar","4 000,00 Ar",30/10/2025,
PRDT--121,COTRINOXAZOLE 480MG COMP,0,0,0,"0,00 Ar","1 500,00 Ar","15 000,00 Ar",30/07/2026,
PRDT--731,CROMOPTIC COLLYRE FL/10ML,0,0,0,"0,00 Ar","0,00 Ar","19 400,00 Ar",30/06/2023,
PRDT--103,CVO PLUS GELULE,0,0,1,"0,00 Ar","0,00 Ar","13 800,00 Ar",01/04/2023,
PRDT--102,CVO SACHET,0,0,4,"0,00 Ar","0,00 Ar","20 000,00 Ar",01/07/2022,
PRDT--455,CYPKADINE COMP,0,20,2,"0,00 Ar","2 000,00 Ar","20 000,00 Ar",30/05/2024,
PRDT--123,CYPROHEPTADINE SIROP,0,0,34,"0,00 Ar","0,00 Ar","3 500,00 Ar",30/08/2025,
PRDT--122,CYTEAL SOL F/250ML,0,0,1,"0,00 Ar","0,00 Ar","22 600,00 Ar",30/03/2025,
PRDT--798,DACRYOSERUM,0,40,2,"0,00 Ar","2 900,00 Ar","58 000,00 Ar",30/09/2024,
PRDT--132,DAFLON 500MG COMP B/30,0,8,4,"0,00 Ar","29 500,00 Ar","58 500,00 Ar",30/03/2026,
PRDT--133,DAKIN STAB F/250ML,0,0,0,"0,00 Ar","0,00 Ar","12 000,00 Ar",30/05/2024,
PRDT--585,DAKIN STAB F/500ML,0,0,0,"0,00 Ar","0,00 Ar","15 500,00 Ar",30/11/2023,
PRDT--134,DAONIL 5MG COMP,0,0,0,"0,00 Ar","0,00 Ar","13 000,00 Ar",30/10/2024,
PRDT--135,DATIZOLE 500MG ,0,0,0,"0,00 Ar","0,00 Ar","5 900,00 Ar",30/03/2024,
PRDT--138,DEBRIDAT 100MG SACHET,0,22,0,"0,00 Ar","1 500,00 Ar","45 000,00 Ar",01/04/2024,
PRDT--136,DEBRIDAT SUSP,0,0,3,"0,00 Ar","0,00 Ar","27 500,00 Ar",30/05/2024,
PRDT--609,DEBRIDAT SUSP ENF,0,0,0,"0,00 Ar","0,00 Ar","20 500,00 Ar",01/07/2024,
PRDT--749,DENORMYL 15MG COMP EFF,0,0,3,"0,00 Ar","0,00 Ar","29 500,00 Ar",30/01/2025,
PRDT--784,DEO CITRON / CITRON,0,0,2,"0,00 Ar","0,00 Ar","8 400,00 Ar",30/10/2024,
PRDT--139,DEPAKIN 200MG COMP,0,0,3,"0,00 Ar","0,00 Ar","21 500,00 Ar",01/09/2024,
PRDT--141,DEPAKIN 200MG SIROP,0,0,4,"0,00 Ar","0,00 Ar","31 900,00 Ar",28/02/2025,
PRDT--140,DEPAKINE 500MG,0,0,2,"0,00 Ar","0,00 Ar","52 900,00 Ar",30/05/2025,
PRDT--142,DEPAKINE 57.64 SIROP,0,0,0,"0,00 Ar","0,00 Ar","34 500,00 Ar",30/12/2023,
PRDT--682,DERMOSONE D CREME T/10G,0,0,3,"0,00 Ar","0,00 Ar","3 500,00 Ar",30/04/2025,
PRDT--461,DERMOSONE V CREME,0,0,2,"0,00 Ar","0,00 Ar","3 700,00 Ar",30/03/2025,
PRDT--635,DESINFECTANT HYDROALCOOLIQUE,0,0,0,"0,00 Ar","0,00 Ar","13 000,00 Ar",01/04/2024,
PRDT--758,Detensiel 10mg CPR,0,0,0,"0,00 Ar","0,00 Ar","35 000,00 Ar",30/03/2024,
PRDT--144,DEXAMETHAZONE INJ ,0,48,4,"0,00 Ar","700,00 Ar","7 000,00 Ar",30/03/2025,
PRDT--642,DEXERYL CREME,0,0,0,"0,00 Ar","0,00 Ar","26 000,00 Ar",30/03/2025,
PRDT--145,DIAMOX 250MG COMP,0,0,0,"0,00 Ar","0,00 Ar","32 500,00 Ar",01/04/2022,
PRDT--146,DIAZEPAN 10MG/2ML ,0,6,0,"0,00 Ar","1 500,00 Ar","15 000,00 Ar",30/08/2024,
PRDT--599,DIAZEPAN 5MG COMP,0,17,1,"0,00 Ar","1 000,00 Ar","10 000,00 Ar",30/07/2025,
PRDT--150,DICLO DENK SUP,0,18,1,"0,00 Ar","1 700,00 Ar","17 000,00 Ar",30/10/2024,
PRDT--563,DICLOFENAC 75MG INJ,0,44,0,"0,00 Ar","500,00 Ar","2 500,00 Ar",30/07/2025,
PRDT--147,DICLOFENAC COMP ,0,75,7,"0,00 Ar","1 000,00 Ar","10 000,00 Ar",30/06/2026,
PRDT--149,DICLOFENAC GEL GALACTIC T/20,0,0,2,"0,00 Ar","0,00 Ar","3 500,00 Ar",30/04/2025,
PRDT--148,DICLOFENAC GEL SHIFA T/30,0,0,0,"0,00 Ar","0,00 Ar","3 500,00 Ar",01/02/2024,
PRDT--610,DICYNONE 500MG GELULE,44,4,2,"1 900,00 Ar","18 500,00 Ar","36 700,00 Ar",30/06/2025,
PRDT--530,DICYNONE INJ,0,5,1,"0,00 Ar","5 500,00 Ar","22 000,00 Ar",30/03/2025,
PRDT--753,DIFFU K(CHLORURE DE POTASSIUM)600MG,0,3,0,"0,00 Ar","19 000,00 Ar","76 000,00 Ar",30/03/2024,
PRDT--152,DIFRARELLE 100,0,0,1,"0,00 Ar","0,00 Ar","26 900,00 Ar",01/04/2023,
PRDT--151,DIFRARELLE E,0,0,0,"0,00 Ar","0,00 Ar","19 900,00 Ar",01/05/2023,
PRDT--143,DIGUSIL SIROP,0,0,6,"0,00 Ar","0,00 Ar","13 500,00 Ar",30/05/2025,
PRDT--560,DIPROSALIC POMMADE,0,0,1,"0,00 Ar","0,00 Ar","21 500,00 Ar",30/06/2024,
PRDT--611,DIPROSONE CREME T/30,0,0,2,"0,00 Ar","0,00 Ar","21 500,00 Ar",30/07/2024,
PRDT--153,DIPROSONE POMMADE,0,0,0,"0,00 Ar","0,00 Ar","21 500,00 Ar",30/07/2024,
PRDT--170,DOLIPRANE 100MG SACHET,0,110,9,"0,00 Ar","700,00 Ar","7 500,00 Ar",30/08/2024,
PRDT--171,DOLIPRANE 100MG SUP,0,0,0,"900,00 Ar","4 500,00 Ar","9 000,00 Ar",30/09/2025,
PRDT--168,DOLIPRANE 150MG SACHET,0,0,0,"0,00 Ar","700,00 Ar","7 700,00 Ar",30/06/2024,
PRDT--169,DOLIPRANE 150MG SUP,0,0,0,"800,00 Ar","4 000,00 Ar","7 900,00 Ar",30/03/2025,
PRDT--472,DOLIPRANE 1G COMP EFFER,0,0,59,"0,00 Ar","0,00 Ar","10 000,00 Ar",30/10/2025,
PRDT--161,DOLIPRANE 1G SECABLE,0,0,15,"0,00 Ar","0,00 Ar","7 000,00 Ar",30/08/2025,
PRDT--167,DOLIPRANE 200MG SACHET,0,185,15,"0,00 Ar","700,00 Ar","7 700,00 Ar",30/08/2024,
PRDT--647,DOLIPRANE 200MG SUP,124,24,12,"900,00 Ar","4 500,00 Ar","8 400,00 Ar",30/08/2025,
PRDT--165,DOLIPRANE 300MG SACHET,0,164,13,"0,00 Ar","800,00 Ar","8 700,00 Ar",30/11/2024,
PRDT--166,DOLIPRANE 300MG SUP,136,27,13,"900,00 Ar","4 500,00 Ar","8 400,00 Ar",30/09/2025,
PRDT--162,DOLIPRANE 500MG COMP EFFER,0,0,0,"0,00 Ar","0,00 Ar","9 000,00 Ar",30/09/2025,
PRDT--163,DOLIPRANE 500MG SACHET,0,86,7,"0,00 Ar","700,00 Ar","7 900,00 Ar",30/10/2024,
PRDT--164,DOLIPRANE 500MG SECABLE,0,0,32,"0,00 Ar","0,00 Ar","8 000,00 Ar",30/07/2025,
PRDT--517,DOLIPRANE SUSP BUV,0,0,10,"0,00 Ar","0,00 Ar","11 900,00 Ar",30/08/2024,
PRDT--173,DOLIPRANE VIT C COMP EFFER,0,8,4,"0,00 Ar","5 000,00 Ar","9 900,00 Ar",28/02/2025,
PRDT--710,DOLOWIN COMP B/3*10,0,0,5,"0,00 Ar","0,00 Ar","24 500,00 Ar",28/02/2024,
PRDT--154,DOLOWIN PLUS,0,0,5,"0,00 Ar","0,00 Ar","34 500,00 Ar",30/05/2024,
PRDT--156,DOXYCICLINE 100MG COMP,0,83,8,"0,00 Ar","2 400,00 Ar","21 000,00 Ar",30/04/2025,
PRDT--157,DUPHALAC SACHET ,0,7,0,"0,00 Ar","1 500,00 Ar","30 000,00 Ar",30/05/2025,
PRDT--158,DUPHASTON 10MG,0,0,0,"0,00 Ar","0,00 Ar","21 500,00 Ar",30/05/2027,
PRDT--155,DYNAMOGENE AMP BUV,0,26,6,"0,00 Ar","9 500,00 Ar","36 600,00 Ar",30/08/2026,
PRDT--715,DYNAPAR 500MG COMP B/1010,0,8,0,"0,00 Ar","4 500,00 Ar","45 000,00 Ar",30/01/2026,
PRDT--717,DYNAPAR SPRAY,0,0,0,"0,00 Ar","0,00 Ar","16 500,00 Ar",30/11/2023,
PRDT--795,EAU DE COLOGNE,0,0,1,"0,00 Ar","0,00 Ar","17 500,00 Ar",30/10/2024,
PRDT--229,EAU DISTILLE 10CC,0,221,4,"0,00 Ar","400,00 Ar","20 000,00 Ar",30/04/2025,
PRDT--228,EAU DISTILLE 5CC,0,39,0,"0,00 Ar","300,00 Ar","15 000,00 Ar",30/06/2025,
PRDT--612,EAU DISTILLE 5ML AMP,0,380,3,"0,00 Ar","300,00 Ar","30 000,00 Ar",30/06/2025,
PRDT--562,EAU OXYGENE,0,0,0,"0,00 Ar","0,00 Ar","12 700,00 Ar",30/01/2025,
PRDT--462,EFFERALGAN 1G COMP EFF,0,0,9,"0,00 Ar","0,00 Ar","8 700,00 Ar",30/01/2025,
PRDT--241,EFFERALGAN 1G SECABLE,0,0,10,"0,00 Ar","0,00 Ar","8 900,00 Ar",30/11/2024,
PRDT--174,EFFERALGAN 500MG COMP EFFER,986,246,61,"800,00 Ar","3 200,00 Ar","11 500,00 Ar",28/02/2025,
PRDT--178,EFFERALGAN CODEINE COMP EFFER,0,5,2,"0,00 Ar","6 700,00 Ar","13 500,00 Ar",30/05/2025,
PRDT--175,EFFERALGAN PEDIATRQUE SUP BUV,0,0,0,"0,00 Ar","0,00 Ar","9 000,00 Ar",30/04/2025,
PRDT--176,EFFERALGAN VIT C,0,31,15,"0,00 Ar","4 500,00 Ar","8 700,00 Ar",30/07/2025,
PRDT--651,ELUDRIL PRO BAIN DE BOUCHE,0,0,0,"0,00 Ar","0,00 Ar","18 700,00 Ar",30/03/2025,
PRDT--225,ENERGIE PLUS,0,0,5,"0,00 Ar","0,00 Ar","10 500,00 Ar",30/03/2025,
PRDT--687,EOSINE A EAU 2% FL/50ML,0,0,0,"0,00 Ar","0,00 Ar","13 000,00 Ar",30/09/2023,
PRDT--644,EOSINE A EAU DOSETTE,0,21,2,"0,00 Ar","1 500,00 Ar","15 000,00 Ar",30/03/2025,
PRDT--212,ERY 125MG SACHET,0,62,2,"0,00 Ar","1 300,00 Ar","28 800,00 Ar",30/09/2025,
PRDT--211,ERY 250MG SACHET,0,0,0,"0,00 Ar","1 300,00 Ar","31 200,00 Ar",30/01/2025,
PRDT--208,ERYTROMICINE 125MG PPS,0,0,7,"0,00 Ar","0,00 Ar","6 500,00 Ar",30/09/2025,
PRDT--209,ERYTROMICINE 250MG PPS,0,0,17,"0,00 Ar","0,00 Ar","9 000,00 Ar",30/09/2025,
PRDT--531,ERYTROMICINE 500MG COMP,0,23,2,"0,00 Ar","8 600,00 Ar","86 000,00 Ar",30/10/2025,
PRDT--239,ESOFAG 20 COMP,0,0,2,"0,00 Ar","0,00 Ar","34 500,00 Ar",30/03/2025,
PRDT--240,EXACYL SOL INJ B/5,0,0,0,"0,00 Ar","13 400,00 Ar","67 000,00 Ar",01/02/2024,
PRDT--238,EXOMUC 200MG SACHET,0,16,0,"0,00 Ar","1 000,00 Ar","30 000,00 Ar",30/03/2025,
PRDT--261,EXPECTORAL SIROP AD,0,0,2,"0,00 Ar","0,00 Ar","9 000,00 Ar",30/07/2025,
PRDT--262,EXPECTORAL SIROP ENF,0,0,0,"0,00 Ar","0,00 Ar","6 500,00 Ar",30/07/2025,
PRDT--582,FARILAC ,0,0,9,"0,00 Ar","0,00 Ar","14 500,00 Ar",30/03/2024,
PRDT--226,FEDATE SIROP,0,0,7,"0,00 Ar","0,00 Ar","10 900,00 Ar",30/11/2024,
PRDT--801,FER PLUS MULTIVITAMINE NN GOUTTE,0,0,9,"0,00 Ar","0,00 Ar","3 000,00 Ar",30/04/2024,
PRDT--672,FERROSTRANE SIROP,0,0,0,"0,00 Ar","0,00 Ar","19 500,00 Ar",01/08/2024,
PRDT--227,FER SULFATE 200+ AC FOLIQUE COMP,0,34,3,"0,00 Ar","600,00 Ar","6 000,00 Ar",30/08/2025,
PRDT--177,FERVEX ADUL,0,24,3,"0,00 Ar","2 500,00 Ar","20 000,00 Ar",30/10/2025,
PRDT--655,FERVEX  ENF ,0,127,15,"0,00 Ar","2 300,00 Ar","17 500,00 Ar",30/07/2025,
PRDT--259,FIXIM 100MG SIROP,0,0,5,"0,00 Ar","0,00 Ar","37 000,00 Ar",30/09/2024,
PRDT--204,FLAGYL 500MG COMP,0,0,10,"0,00 Ar","0,00 Ar","14 500,00 Ar",30/05/2025,
PRDT--205,FLAGYL 500MG OVULE,0,0,2,"0,00 Ar","0,00 Ar","21 500,00 Ar",30/05/2025,
PRDT--708,Flagyl susp buvable,0,0,18,"0,00 Ar","0,00 Ar","17 500,00 Ar",30/08/2024,
PRDT--247,FLEMING 1G AMP INJ B/5,0,0,0,"0,00 Ar","11 100,00 Ar","55 500,00 Ar",01/09/2022,
PRDT--246,FLEMING 1G COMP,0,0,8,"0,00 Ar","0,00 Ar","41 000,00 Ar",30/05/2024,
PRDT--463,FLEMING 250MG PPS,0,0,0,"0,00 Ar","0,00 Ar","16 900,00 Ar",28/02/2024,
PRDT--245,FLEMING 500MG COMP,0,0,3,"0,00 Ar","0,00 Ar","26 600,00 Ar",28/02/2024,
PRDT--613,FLEMING 500MG PPS,0,0,0,"0,00 Ar","0,00 Ar","27 500,00 Ar",30/04/2024,
PRDT--242,FLUCAZOL 100MG GELULE,0,0,0,"0,00 Ar","0,00 Ar","11 500,00 Ar",30/03/2025,
PRDT--260,FLUCAZOL SIROP,0,0,0,"0,00 Ar","0,00 Ar","8 700,00 Ar",01/10/2022,
PRDT--243,FLUCONA-DENK 100MG GELULE ,0,0,0,"0,00 Ar","0,00 Ar","16 500,00 Ar",30/05/2024,
PRDT--532,FLUCONAZOLE DENK ,0,0,0,"0,00 Ar","0,00 Ar","16 500,00 Ar",01/06/2023,
PRDT--738,FOLICID 5MG COMP,0,5,0,"0,00 Ar","1 000,00 Ar","9 000,00 Ar",30/01/2025,
PRDT--533,FORLAX SACHET,0,65,3,"0,00 Ar","1 600,00 Ar","32 000,00 Ar",28/02/2025,
PRDT--199,FORMOL 37% F/1L,0,0,15,"0,00 Ar","0,00 Ar","15 700,00 Ar",30/12/2025,
PRDT--661,FORMOL FL/500ML,0,0,0,"0,00 Ar","0,00 Ar","15 000,00 Ar",30/03/2025,
PRDT--206,FRAKIDEX COLL,0,0,4,"0,00 Ar","0,00 Ar","10 700,00 Ar",30/01/2024,
PRDT--207,FRAKIDEX POMMADE ,0,0,7,"0,00 Ar","0,00 Ar","8 700,00 Ar",30/12/2023,
PRDT--583,FRANCE LAIT 1 AGE ,0,0,0,"0,00 Ar","0,00 Ar","26 500,00 Ar",30/04/2024,
PRDT--676,FRANCE LAIT 2 AGE,0,0,0,"0,00 Ar","0,00 Ar","26 500,00 Ar",30/03/2024,
PRDT--244,FUCIDINE 250MG COMP,0,0,0,"0,00 Ar","0,00 Ar","58 700,00 Ar",01/03/2022,
PRDT--536,FUNGIZONE SUSP BUV,0,0,0,"0,00 Ar","0,00 Ar","39 400,00 Ar",30/08/2023,
PRDT--202,FUROSEMIDE  20MG INJ ,0,60,1,"0,00 Ar","500,00 Ar","25 000,00 Ar",30/08/2024,
PRDT--201,FUROSEMIDE 40MG COMP,0,53,5,"0,00 Ar","1 000,00 Ar","10 000,00 Ar",30/11/2024,
PRDT--249,GAMALATE B6 COMP,0,0,0,"0,00 Ar","0,00 Ar","26 700,00 Ar",30/07/2027,
PRDT--258,GAMALATE B6 SIROP,0,0,1,"0,00 Ar","0,00 Ar","26 500,00 Ar",03/03/2027,
PRDT--464,GANT LATEX ,0,40,0,"0,00 Ar","2 000,00 Ar","100 000,00 Ar",30/05/2027,
PRDT--465,GAVISCON SACHET,0,0,0,"0,00 Ar","900,00 Ar","21 600,00 Ar",01/08/2024,
PRDT--640,GEL DESINFECTANT (HUILE ESSENTIELLE),0,0,0,"0,00 Ar","0,00 Ar","11 700,00 Ar",01/05/2024,
PRDT--592,GEL DESINFECTANT PM,0,0,0,"0,00 Ar","0,00 Ar","4 500,00 Ar",01/01/2023,
PRDT--634,GEL MAINS DESINFECTANT (SANS RINCAGE),0,0,0,"0,00 Ar","0,00 Ar","13 000,00 Ar",01/09/2024,
PRDT--797,GEL TOILLETE INTIME BARBARIA,0,0,1,"0,00 Ar","0,00 Ar","21 000,00 Ar",30/10/2024,
PRDT--203,GENTAMICINE 80MG INJ,0,40,0,"0,00 Ar","500,00 Ar","50 000,00 Ar",28/02/2025,
PRDT--198,GENTAMICINE COLL,0,0,22,"0,00 Ar","0,00 Ar","2 000,00 Ar",30/08/2024,
PRDT--250,GESTAREL-G CAPSULES,0,0,4,"0,00 Ar","0,00 Ar","34 000,00 Ar",30/10/2023,
PRDT--252,GLIBENCLAMIDE 5MG COMP,0,51,5,"0,00 Ar","500,00 Ar","5 000,00 Ar",30/05/2025,
PRDT--193,GLINIL 5MG,0,0,0,"0,00 Ar","2 900,00 Ar","29 000,00 Ar",30/11/2024,
PRDT--253,GLOPRIL 10MG COMP,0,11,1,"0,00 Ar","2 700,00 Ar","27 000,00 Ar",30/12/2024,
PRDT--739,GLUCINORME MR 30MG COMP,0,0,0,"0,00 Ar","7 000,00 Ar","20 500,00 Ar",30/03/2024,
PRDT--256,GLUCOPHAGE 1000MG COMP B/2*15,0,4,2,"0,00 Ar","13 000,00 Ar","22 900,00 Ar",30/03/2024,
PRDT--254,GLUCOPHAGE 500MG COMP B/30,0,0,3,"0,00 Ar","0,00 Ar","9 000,00 Ar",30/06/2026,
PRDT--255,GLUCOPHAGE 850MG COMP B/2*15,0,4,2,"0,00 Ar","11 000,00 Ar","22 000,00 Ar",30/05/2026,
PRDT--194,GLUMET 500MG,0,1,0,"0,00 Ar","2 500,00 Ar","25 000,00 Ar",30/06/2025,
PRDT--195,GLUMET 850MG,0,22,2,"0,00 Ar","3 500,00 Ar","35 000,00 Ar",28/02/2025,
PRDT--637,GRAMOCEF 50MG/5ML SUSP,0,0,5,"0,00 Ar","0,00 Ar","29 700,00 Ar",30/10/2025,
PRDT--257,GRISEOFULVINE 500MG COMP,0,5,0,"0,00 Ar","6 900,00 Ar","55 000,00 Ar",30/07/2025,
PRDT--197,GRT COMP B/20,0,46,2,"0,00 Ar","2 500,00 Ar","50 000,00 Ar",30/03/2025,
PRDT--196,GRT SIROP,0,0,0,"0,00 Ar","0,00 Ar","11 500,00 Ar",30/03/2025,
PRDT--251,GYNOFAST OVULE B/6,0,0,0,"0,00 Ar","0,00 Ar","11 500,00 Ar",30/11/2024,
PRDT--270,HALDOL 5MG COMP,0,95,3,"0,00 Ar","600,00 Ar","18 000,00 Ar",30/12/2024,
PRDT--269,HALDOL GOTTE,0,0,3,"0,00 Ar","0,00 Ar","12 700,00 Ar",30/03/2024,
PRDT--268,HALDOL INJ B/5,0,5,1,"0,00 Ar","2 000,00 Ar","10 000,00 Ar",01/05/2023,
PRDT--633,HEPAFYT GELULE,0,0,3,"0,00 Ar","0,00 Ar","15 000,00 Ar",01/07/2025,
PRDT--266,HERBOKOF SIROP,0,0,5,"0,00 Ar","0,00 Ar","11 500,00 Ar",30/07/2025,
PRDT--466,HERPERAX 200MG COMP,0,0,0,"0,00 Ar","0,00 Ar","23 400,00 Ar",28/02/2025,
PRDT--265,HEXASPRAY,0,0,1,"0,00 Ar","0,00 Ar","25 700,00 Ar",30/01/2026,
PRDT--614,HEXTRIL BAIN DE BOUCHE 200ML,0,0,0,"0,00 Ar","0,00 Ar","41 900,00 Ar",30/03/2024,
PRDT--467,HOT COOL GEL T/30,0,0,0,"0,00 Ar","0,00 Ar","19 500,00 Ar",01/04/2022,
PRDT--792,HUIL AMINCISSANTE,0,0,1,"0,00 Ar","0,00 Ar","11 900,00 Ar",30/10/2024,
PRDT--788,HUIL D AMENDE,0,0,1,"0,00 Ar","0,00 Ar","10 400,00 Ar",10/10/2024,
PRDT--796,HUIL ESSENTIEL RAVINTSARA,0,0,0,"0,00 Ar","0,00 Ar","12 600,00 Ar",30/10/2024,
PRDT--794,HUIL KATARAFAY,0,0,0,"0,00 Ar","0,00 Ar","11 900,00 Ar",30/10/2024,
PRDT--793,HUIL RELAXANTE,0,0,1,"0,00 Ar","0,00 Ar","11 900,00 Ar",30/10/2024,
PRDT--615,HYDROCORTISONE 100MG INJ,0,6,0,"0,00 Ar","2 200,00 Ar","22 000,00 Ar",30/07/2024,
PRDT--267,HYDROSOL POLYVITAMINE SIROP,0,0,0,"0,00 Ar","0,00 Ar","13 500,00 Ar",03/03/2024,
PRDT--191,HYOSCIN 40MG COMP,0,0,0,"0,00 Ar","8 500,00 Ar","85 000,00 Ar",28/02/2024,
PRDT--192,HYOSCINE INJ,0,47,0,"0,00 Ar","1 700,00 Ar","85 000,00 Ar",30/10/2024,
PRDT--188,IBUMOL 400MG COMP,0,4,1,"0,00 Ar","4 600,00 Ar","13 800,00 Ar",28/02/2026,
PRDT--189,IBUMOL SUSP,0,0,2,"0,00 Ar","0,00 Ar","7 700,00 Ar",30/06/2025,
PRDT--186,IBUPROFENE 200MG COMP,0,49,4,"0,00 Ar","700,00 Ar","7 000,00 Ar",30/11/2024,
PRDT--185,IBUPROFENE 400MG COMP,0,25,2,"0,00 Ar","1 500,00 Ar","0,00 Ar",30/12/2024,
PRDT--187,IBUPROFENE SUSP,0,0,2,"0,00 Ar","0,00 Ar","3 500,00 Ar",30/11/2025,
PRDT--271,IMODIUM GELULE,0,5,0,"0,00 Ar","1 000,00 Ar","20 000,00 Ar",30/12/2026,
PRDT--688,INDOCOLLYRE,0,0,2,"0,00 Ar","0,00 Ar","19 500,00 Ar",30/03/2024,
PRDT--184,INDOMETACINE 25MG ,0,20,2,"0,00 Ar","700,00 Ar","7 000,00 Ar",30/07/2025,
PRDT--759,INSTACLOP 75mg CPR 30,0,0,0,"0,00 Ar","0,00 Ar","74 500,00 Ar",30/10/2024,
PRDT--776,INSULINE MIXTARD 30 10ml ,0,0,3,"0,00 Ar","0,00 Ar","48 500,00 Ar",30/03/2025,
PRDT--182,KAMAGRA 100MG,0,0,2,"0,00 Ar","0,00 Ar","16 500,00 Ar",30/12/2024,
PRDT--183,KAMAGRA 50,0,0,9,"0,00 Ar","0,00 Ar","10 900,00 Ar",30/12/2024,
PRDT--291,KENACORT RETARD 40MG,0,0,0,"0,00 Ar","0,00 Ar","21 000,00 Ar",30/09/2023,
PRDT--292,KENACORT RETARD 80MG,0,0,0,"0,00 Ar","0,00 Ar","39 900,00 Ar",30/08/2023,
PRDT--293,KETODERME CREME 2%,0,0,0,"0,00 Ar","0,00 Ar","27 000,00 Ar",30/08/2025,
PRDT--754,KETODERME GEL SACH 2% B/8,0,10,1,"0,00 Ar","7 000,00 Ar","49 400,00 Ar",01/03/2024,
PRDT--294,KOFEX SIROP,0,0,0,"0,00 Ar","0,00 Ar","3 500,00 Ar",30/06/2025,
PRDT--296,KOOK EXPECTORAL AD,0,0,3,"0,00 Ar","0,00 Ar","13 700,00 Ar",30/07/2025,
PRDT--297,KOOK EXPECTORAL ENF SIROP,0,0,0,"0,00 Ar","0,00 Ar","11 900,00 Ar",30/09/2023,
PRDT--295,KOOK TOUX SECHE SIROP,0,0,4,"0,00 Ar","0,00 Ar","11 500,00 Ar",30/07/2025,
PRDT--286,LAMALINE GELULE,0,0,3,"0,00 Ar","0,00 Ar","12 400,00 Ar",01/06/2023,
PRDT--285,LAMALINE SUP,0,0,0,"0,00 Ar","0,00 Ar","21 000,00 Ar",01/11/2022,
PRDT--593,LAME BISTRUIT,0,48,0,"0,00 Ar","1 000,00 Ar","100 000,00 Ar",01/11/2022,
PRDT--283,LARGACTIL 100MG COMP,0,0,0,"0,00 Ar","11 000,00 Ar","19 900,00 Ar",30/06/2024,
PRDT--284,LARGACTIL 25MG COMP,0,10,2,"0,00 Ar","4 000,00 Ar","19 900,00 Ar",01/09/2023,
PRDT--697,LAROXYL 25MG COMP B/60,0,0,0,"0,00 Ar","16 500,00 Ar","32 700,00 Ar",30/09/2023,
PRDT--277,LASILIX 40MG COMP,0,6,3,"0,00 Ar","9 000,00 Ar","18 000,00 Ar",30/09/2024,
PRDT--281,LEPTICUR 10MG COMP,0,0,0,"0,00 Ar","0,00 Ar","31 500,00 Ar",01/05/2023,
PRDT--280,LEVOTHYROX 100,0,0,2,"0,00 Ar","0,00 Ar","13 700,00 Ar",01/12/2023,
PRDT--279,LEVOTHYROX 50,0,0,0,"0,00 Ar","0,00 Ar","6 900,00 Ar",01/07/2023,
PRDT--616,LEVOTHYROX 75µG COMP,0,0,3,"0,00 Ar","0,00 Ar","11 500,00 Ar",30/01/2024,
PRDT--215,LIDOCAINE AMP INJ,0,7,0,"0,00 Ar","3 500,00 Ar","17 500,00 Ar",30/05/2025,
PRDT--282,LINCOMYCINE 600MG INJ,0,31,3,"0,00 Ar","1 000,00 Ar","10 000,00 Ar",30/04/2025,
PRDT--526,LOMAC 20MG GELULE,0,40,2,"0,00 Ar","5 000,00 Ar","100 000,00 Ar",30/11/2024,
PRDT--545,LOMAC INJ 40MG,0,0,0,"0,00 Ar","16 700,00 Ar","83 500,00 Ar",01/05/2023,
PRDT--551,LOMEXIN 2% CREME,0,0,2,"0,00 Ar","0,00 Ar","23 400,00 Ar",30/04/2024,
PRDT--740,LOPERAMIX 2MG GELILE,0,0,0,"0,00 Ar","5 000,00 Ar","10 000,00 Ar",30/09/2024,
PRDT--645,LOPRESSOR 100MG COMP,0,0,0,"0,00 Ar","0,00 Ar","14 500,00 Ar",30/06/2025,
PRDT--287,LORATIN 10MG COMP,0,7,0,"0,00 Ar","4 000,00 Ar","40 000,00 Ar",30/12/2024,
PRDT--290,LORATIN SIROP,0,0,2,"0,00 Ar","0,00 Ar","9 900,00 Ar",30/10/2024,
PRDT--275,LORINOL 10MG COMP,0,6,2,"0,00 Ar","4 000,00 Ar","12 000,00 Ar",30/07/2024,
PRDT--289,LOSA 50 COMP,0,1,0,"0,00 Ar","6 700,00 Ar","21 000,00 Ar",30/10/2025,
PRDT--288,LOSA H COMP,0,9,3,"0,00 Ar","8 600,00 Ar","25 700,00 Ar",30/03/2025,
PRDT--274,LOXEN 10MG INJ,0,3,0,"0,00 Ar","17 600,00 Ar","88 000,00 Ar",30/03/2023,
PRDT--617,LOXEN 20MG COMP,0,10,3,"0,00 Ar","12 000,00 Ar","35 500,00 Ar",30/01/2025,
PRDT--636,LOXEN LP 50MG GELULE,0,0,0,"0,00 Ar","18 400,00 Ar","110 400,00 Ar",30/07/2024,
PRDT--278,LYSOPAINE COMP,0,4,2,"0,00 Ar","30 500,00 Ar","60 500,00 Ar",30/09/2024,
PRDT--180,MAALOX CITRON,0,3,0,"0,00 Ar","1 200,00 Ar","24 000,00 Ar",30/09/2025,
PRDT--181,MAALOX COMP ,149,14,3,"400,00 Ar","4 000,00 Ar","16 000,00 Ar",30/10/2024,
PRDT--547,MADEGLUCIL SACHET,0,0,5,"0,00 Ar","0,00 Ar","8 500,00 Ar",30/01/2025,
PRDT--302,MADETOXYL SIROP,0,0,2,"0,00 Ar","0,00 Ar","8 500,00 Ar",30/12/2024,
PRDT--301,MADETUSSYL SIROP,0,0,8,"0,00 Ar","0,00 Ar","9 500,00 Ar",30/12/2024,
PRDT--316,MAG 2 AMP BUV,0,0,3,"0,00 Ar","0,00 Ar","40 000,00 Ar",01/01/2025,
PRDT--802,MAGALU SHIFA SIROP,0,0,9,"0,00 Ar","0,00 Ar","5 000,00 Ar",30/10/2025,
PRDT--236,MAGNE B6 AMP BUV,0,0,0,"0,00 Ar","0,00 Ar","15 000,00 Ar",30/08/2025,
PRDT--179,MAGNE B6 COMP,0,18,3,"0,00 Ar","5 900,00 Ar","29 000,00 Ar",30/06/2024,
PRDT--803,MAGNESIUM B6 COMP,0,30,3,"0,00 Ar","1 500,00 Ar","15 000,00 Ar",30/04/2024,
PRDT--529,MANDRAVASAROTRA FL/500ML,0,0,4,"0,00 Ar","0,00 Ar","21 000,00 Ar",30/12/2023,
PRDT--790,MANDRAVASAROTSY,0,0,1,"0,00 Ar","0,00 Ar","20 300,00 Ar",30/10/2024,
PRDT--567,MANNITOL 20%,0,0,4,"0,00 Ar","0,00 Ar","8 700,00 Ar",30/01/2025,
PRDT--470,MARIMER NEZ BOUCHE BB,0,0,4,"0,00 Ar","0,00 Ar","30 900,00 Ar",30/06/2025,
PRDT--471,MARIMER NEZ BOUCHER AD,0,0,0,"0,00 Ar","0,00 Ar","25 500,00 Ar",30/01/2025,
PRDT--779,M ARTEFIX 80/480 cmp ,0,0,5,"0,00 Ar","0,00 Ar","12 400,00 Ar",30/04/2024,
PRDT--590,MASQUE 3PLIS,0,0,0,"0,00 Ar","1 000,00 Ar","50 000,00 Ar",01/01/2023,
PRDT--546,MASY PAGYL,0,0,0,"0,00 Ar","0,00 Ar","6 000,00 Ar",30/11/2024,
PRDT--305,MAXILASE COMP,1,0,0,"1 000,00 Ar","12 000,00 Ar","22 500,00 Ar",30/05/2024,
PRDT--306,MAXILASE SIROP,0,0,0,"0,00 Ar","0,00 Ar","17 400,00 Ar",30/01/2024,
PRDT--335,M BETAMETHAZONE CREME,0,0,1,"0,00 Ar","0,00 Ar","7 500,00 Ar",30/04/2024,
PRDT--564,M CALCIUM FORT,0,8,0,"0,00 Ar","4 500,00 Ar","45 000,00 Ar",30/03/2025,
PRDT--313,M CEFIXINE 200MG,11,1,0,"2 700,00 Ar","18 900,00 Ar","35 900,00 Ar",30/03/2025,
PRDT--619,M DICLOFENAC GEL,0,0,1,"0,00 Ar","0,00 Ar","9 900,00 Ar",30/08/2025,
PRDT--300,M DOMPERIDONE SIROP,0,0,0,"0,00 Ar","0,00 Ar","12 500,00 Ar",01/01/2025,
PRDT--556,MEBENDAZOLE 100MG COMP,74,7,0,"200,00 Ar","2 000,00 Ar","20 000,00 Ar",30/03/2024,
PRDT--304,MEDROL 16 MG COMP,61,6,3,"2 000,00 Ar","20 000,00 Ar","38 900,00 Ar",30/09/2024,
PRDT--448,MEGA MASS,0,0,25,"0,00 Ar","0,00 Ar","4 500,00 Ar",30/03/2025,
PRDT--565,MELMET 500MG COMP,0,4,0,"0,00 Ar","2 500,00 Ar","25 000,00 Ar",30/06/2025,
PRDT--621,M ENALAPRIL 10MG COMP,0,41,13,"0,00 Ar","4 600,00 Ar","13 800,00 Ar",30/07/2025,
PRDT--781,METAPIR 50mg cmp B3x10,0,10,1,"0,00 Ar","11 500,00 Ar","34 400,00 Ar",30/08/2024,
PRDT--309,METEOSPASMYL CAPSUL,0,0,1,"0,00 Ar","0,00 Ar","21 700,00 Ar",30/10/2024,
PRDT--600,METEOXANE GEL,0,10,2,"0,00 Ar","5 500,00 Ar","20 600,00 Ar",28/02/2024,
PRDT--323,METFORMINE DENK 500MG,0,0,0,"0,00 Ar","2 500,00 Ar","25 000,00 Ar",30/12/2024,
PRDT--674,METFORMINE DENK 500MG B/30,0,0,0,"0,00 Ar","3 000,00 Ar","8 500,00 Ar",30/12/2024,
PRDT--752,METFORMINE DENK 850MG COMP,0,9,1,"0,00 Ar","8 000,00 Ar","64 000,00 Ar",28/02/2026,
PRDT--534,METHYLDOPA 250MG ,0,10,1,"0,00 Ar","3 500,00 Ar","35 000,00 Ar",30/04/2025,
PRDT--554,METOCLOPRAMIDE COMP,20,2,0,"100,00 Ar","1 000,00 Ar","10 000,00 Ar",30/07/2025,
PRDT--553,METOCLOPRAMIDE INJ ,0,41,4,"0,00 Ar","500,00 Ar","50 000,00 Ar",30/06/2024,
PRDT--804,METOCLOPRAMIDE SIROP,0,0,12,"0,00 Ar","0,00 Ar","3 000,00 Ar",30/01/2025,
PRDT--568,METRIS PERFUSION,0,0,5,"0,00 Ar","0,00 Ar","3 500,00 Ar",30/05/2025,
PRDT--701,METRONIDAZOLE 500MG COMP,0,0,0,"0,00 Ar","4 500,00 Ar","45 000,00 Ar",30/06/2025,
PRDT--232,METRONIDAZOLE COMP 250MG,258,25,2,"100,00 Ar","700,00 Ar","7 000,00 Ar",30/04/2026,
PRDT--233,METRONIDAZOLE SIROP,0,0,12,"0,00 Ar","0,00 Ar","5 500,00 Ar",30/12/2025,
PRDT--308,M GINKOO COMP,0,0,0,"0,00 Ar","6 700,00 Ar","18 500,00 Ar",01/07/2022,
PRDT--469,M GYNOTAB OVULE,0,0,0,"0,00 Ar","0,00 Ar","24 700,00 Ar",26/02/2023,
PRDT--664,MICONAX CREME T/30,0,0,4,"0,00 Ar","0,00 Ar","5 500,00 Ar",28/02/2025,
PRDT--622,MICONAZOL CREME T/30,0,0,11,"0,00 Ar","0,00 Ar","3 500,00 Ar",30/04/2025,
PRDT--231,MICONAZOL T/15,0,0,13,"0,00 Ar","0,00 Ar","2 500,00 Ar",30/12/2024,
PRDT--732,MICOZAL 2% CREME T/15,0,0,0,"0,00 Ar","0,00 Ar","8 400,00 Ar",30/12/2024,
PRDT--515,MICROLAX AD,0,0,0,"0,00 Ar","10 000,00 Ar","40 000,00 Ar",01/01/2024,
PRDT--623,MICROLAX AD B/12,0,7,0,"0,00 Ar","10 000,00 Ar","120 000,00 Ar",30/04/2025,
PRDT--516,MICROLAX ENF,0,8,2,"0,00 Ar","10 000,00 Ar","40 000,00 Ar",30/06/2025,
PRDT--700,MIGRETIL COMP B10*2,0,5,2,"0,00 Ar","9 900,00 Ar","19 800,00 Ar",28/02/2024,
PRDT--318,MINIDRIL COMP,0,0,0,"0,00 Ar","10 900,00 Ar","32 700,00 Ar",01/09/2022,
PRDT--315,MIOREL 4MG GELULE,0,0,1,"0,00 Ar","0,00 Ar","21 500,00 Ar",30/11/2024,
PRDT--159,MISOPROSTOL 200MG ,0,87,12,"0,00 Ar","11 000,00 Ar","77 000,00 Ar",30/10/2023,
PRDT--303,M KETOTIFEN SIROP,0,0,0,"0,00 Ar","0,00 Ar","12 400,00 Ar",30/09/2023,
PRDT--312,M LOSARTAN 50MG COMP,0,0,0,"0,00 Ar","9 500,00 Ar","28 000,00 Ar",30/07/2025,
PRDT--311,M LOSARTAN PLUS COMP,0,0,2,"0,00 Ar","0,00 Ar","26 000,00 Ar",30/01/2025,
PRDT--620,M MICONAZOLE CREME,0,0,1,"0,00 Ar","0,00 Ar","11 900,00 Ar",30/06/2023,
PRDT--561,M NEOMYCINE CREME,0,0,2,"0,00 Ar","0,00 Ar","7 700,00 Ar",30/07/2025,
PRDT--310,M OFLOX 200MG COMP,0,0,4,"0,00 Ar","0,00 Ar","16 600,00 Ar",30/01/2025,
PRDT--652,M OLANZAPINE 10MG COMP,0,10,3,"0,00 Ar","12 900,00 Ar","38 700,00 Ar",30/07/2025,
PRDT--314,M OLANZAPINE 5MG COMP,0,0,0,"0,00 Ar","12 500,00 Ar","37 500,00 Ar",30/03/2023,
PRDT--618,M OMEPRAZOLE 20MG ,0,0,0,"0,00 Ar","5 400,00 Ar","10 700,00 Ar",30/05/2023,
PRDT--298,MOTILIUM SIROP,0,0,0,"0,00 Ar","0,00 Ar","17 500,00 Ar",30/05/2024,
PRDT--452,MOUSTIDOSE FL/125ML,0,0,0,"0,00 Ar","0,00 Ar","44 800,00 Ar",01/01/2023,
PRDT--453,MOUSTIDOSE FL/50ML,0,0,0,"0,00 Ar","0,00 Ar","32 500,00 Ar",01/06/2022,
PRDT--317,M OXACILLINE 500MG GELULE,0,0,5,"0,00 Ar","0,00 Ar","48 400,00 Ar",30/03/2025,
PRDT--307,M SILYMARIN COMP,0,15,5,"0,00 Ar","12 000,00 Ar","35 700,00 Ar",30/03/2025,
PRDT--336,M TERBINAFINE CREME,0,0,4,"0,00 Ar","0,00 Ar","21 500,00 Ar",30/08/2025,
PRDT--537,MULTI-CALCI VITA COMP,0,13,6,"0,00 Ar","1 500,00 Ar","3 000,00 Ar",28/02/2025,
PRDT--498,MULTIVITAMINE NCPC COMP,0,23,2,"0,00 Ar","1 000,00 Ar","10 000,00 Ar",28/02/2026,
PRDT--299,MULTIVITAMINE SIROP DESKA,0,0,8,"0,00 Ar","0,00 Ar","5 500,00 Ar",30/05/2025,
PRDT--649,M VITAMINE C 500MG,0,0,0,"0,00 Ar","5 500,00 Ar","55 000,00 Ar",01/05/2024,
PRDT--775,MYCOSTATIN SUSP BUV,0,0,0,"0,00 Ar","0,00 Ar","17 500,00 Ar",30/05/2024,
PRDT--783,NAPROSINE 500mg,0,0,2,"0,00 Ar","0,00 Ar","22 500,00 Ar",30/10/2024,
PRDT--333,NAUTAMINE COMP,0,1,0,"0,00 Ar","2 800,00 Ar","56 000,00 Ar",01/05/2025,
PRDT--337,NEBA SPORIN ,0,0,0,"0,00 Ar","0,00 Ar","6 000,00 Ar",30/05/2025,
PRDT--334,NEBILONG 10MG COMP,0,4,1,"0,00 Ar","22 400,00 Ar","67 200,00 Ar",30/05/2025,
PRDT--321,NEO CODION SIROP AD,0,0,2,"0,00 Ar","0,00 Ar","18 500,00 Ar",30/03/2025,
PRDT--320,NEO CODION SIROP NN,0,0,0,"0,00 Ar","0,00 Ar","15 700,00 Ar",28/02/2025,
PRDT--499,NEO RAL COMP ,127,12,1,"800,00 Ar","8 000,00 Ar","80 000,00 Ar",30/05/2025,
PRDT--500,NEOVAG OVULE,0,0,0,"0,00 Ar","0,00 Ar","7 500,00 Ar",30/05/2025,
PRDT--338,NETRACORT CREME,0,0,4,"0,00 Ar","0,00 Ar","5 500,00 Ar",30/03/2025,
PRDT--328,NIFCAL 10MG COMP,0,5,1,"0,00 Ar","3 700,00 Ar","11 500,00 Ar",30/01/2025,
PRDT--327,NIFEDIDINE 20MG COMP,0,73,7,"0,00 Ar","600,00 Ar","6 000,00 Ar",30/04/2025,
PRDT--339,NIFLUGEL GEL,0,0,3,"0,00 Ar","0,00 Ar","14 500,00 Ar",30/05/2025,
PRDT--326,NIFLURIL 400MG SUP ENF,34,8,4,"1 800,00 Ar","7 200,00 Ar","13 800,00 Ar",30/08/2025,
PRDT--325,NIFLURIL 700MG SUP ADUL,17,4,2,"1 700,00 Ar","6 800,00 Ar","13 900,00 Ar",02/12/2024,
PRDT--324,NIFLURIL GELULE 250MG,283,94,9,"700,00 Ar","7 000,00 Ar","21 000,00 Ar",28/02/2025,
PRDT--330,NIM 100MG COMP,0,2,0,"0,00 Ar","3 500,00 Ar","9 900,00 Ar",30/01/2025,
PRDT--319,NOOTROPYL 800MG COMP,0,7,2,"0,00 Ar","21 000,00 Ar","61 000,00 Ar",28/02/2025,
PRDT--322,NOOTROYPL SIROP,0,0,2,"0,00 Ar","0,00 Ar","25 000,00 Ar",28/02/2025,
PRDT--720,NORMACOL ADULTE ,0,0,3,"0,00 Ar","0,00 Ar","14 500,00 Ar",30/08/2025,
PRDT--501,NO SPA COMP,0,32,3,"0,00 Ar","4 500,00 Ar","45 000,00 Ar",30/12/2024,
PRDT--525,NO SPA INJ,0,36,1,"0,00 Ar","1 700,00 Ar","42 500,00 Ar",01/02/2025,
PRDT--331,NOVATEN 100MG COMP,0,0,2,"0,00 Ar","0,00 Ar","13 900,00 Ar",30/12/2025,
PRDT--332,NOVATEN 50MG COMP,0,0,12,"0,00 Ar","0,00 Ar","11 500,00 Ar",30/12/2025,
PRDT--502,NOZINAN 25MG COMP,0,5,2,"0,00 Ar","10 900,00 Ar","21 700,00 Ar",30/12/2024,
PRDT--733,NUCLEO FORTE CMP GELULE B/30,0,0,1,"0,00 Ar","0,00 Ar","39 700,00 Ar",30/10/2023,
PRDT--329,NUGREL 75MG ,0,10,3,"0,00 Ar","25 800,00 Ar","51 500,00 Ar",30/05/2025,
PRDT--580,NURSIE 1 AGE GM,0,0,2,"0,00 Ar","0,00 Ar","45 000,00 Ar",30/03/2024,
PRDT--579,NURSIE 1 AGE PM,0,0,8,"0,00 Ar","0,00 Ar","26 500,00 Ar",28/02/2024,
PRDT--581,NURSIE 2 AGE PM,0,0,5,"0,00 Ar","0,00 Ar","26 500,00 Ar",30/11/2023,
PRDT--778,ODY FERY MEVA pommade,0,0,8,"0,00 Ar","0,00 Ar","6 700,00 Ar",28/02/2025,
PRDT--355,ODY VATO INFUSETTE,0,0,0,"0,00 Ar","0,00 Ar","27 000,00 Ar",30/01/2025,
PRDT--356,OFLOCET 200MG,0,0,2,"0,00 Ar","0,00 Ar","43 900,00 Ar",28/02/2025,
PRDT--360,OFLOCET AURICUL,0,0,0,"0,00 Ar","9 500,00 Ar","38 000,00 Ar",30/03/2025,
PRDT--273,OMEPRAZOLE 20MG ,0,0,0,"0,00 Ar","1 500,00 Ar","15 000,00 Ar",01/08/2023,
PRDT--523,OMEPRAZOLE 40MG INJ,0,0,0,"0,00 Ar","4 200,00 Ar","42 000,00 Ar",01/02/2023,
PRDT--624,OMIZEC 20MG GELULE,0,9,2,"0,00 Ar","7 900,00 Ar","31 000,00 Ar",30/12/2024,
PRDT--340,OPHTADEX COLL,0,0,5,"0,00 Ar","0,00 Ar","3 500,00 Ar",30/04/2024,
PRDT--503,ORACILLINE 1M COMP,0,0,0,"0,00 Ar","0,00 Ar","36 500,00 Ar",30/10/2024,
PRDT--361,ORELOX 100MG COMP,0,0,0,"0,00 Ar","0,00 Ar","57 500,00 Ar",01/05/2022,
PRDT--359,ORELOX 200MG COMP,0,0,0,"0,00 Ar","0,00 Ar","66 500,00 Ar",01/05/2023,
PRDT--362,ORNILOX COMP,0,0,4,"0,00 Ar","0,00 Ar","34 400,00 Ar",30/07/2025,
PRDT--375,OROKEN 100MG PPS,0,0,4,"0,00 Ar","0,00 Ar","51 400,00 Ar",30/04/2024,
PRDT--354,OROKEN 200MG COMP ,0,0,6,"0,00 Ar","0,00 Ar","71 900,00 Ar",30/09/2025,
PRDT--376,OROKEN 40MG NN PPS,0,0,0,"0,00 Ar","0,00 Ar","29 400,00 Ar",30/11/2024,
PRDT--601,OTIPAX GOUTTR AURIC,0,0,0,"0,00 Ar","0,00 Ar","21 000,00 Ar",30/10/2025,
PRDT--750,OTOFA GOUTTE AUR,0,0,0,"0,00 Ar","0,00 Ar","21 000,00 Ar",30/01/2025,
PRDT--353,"OTRIVINE 0,05% GOUTTE NASAL",0,0,0,"0,00 Ar","0,00 Ar","12 400,00 Ar",28/02/2024,
PRDT--358,"OTRIVINE 0,1% GOUTTE NASAL",0,0,0,"0,00 Ar","0,00 Ar","15 300,00 Ar",30/06/2025,
PRDT--504,OXYTOCIN 10 UI,0,65,6,"0,00 Ar","1 000,00 Ar","9 000,00 Ar",30/12/2021,
PRDT--366,PAIDOTERIN SIROP,0,0,0,"0,00 Ar","0,00 Ar","21 000,00 Ar",30/08/2024,
PRDT--505,PALUDOXINE,0,0,0,"0,00 Ar","3 500,00 Ar","175 000,00 Ar",01/04/2022,
PRDT--447,PANDIO JAUNE,0,0,20,"0,00 Ar","0,00 Ar","4 500,00 Ar",30/10/2024,
PRDT--221,PARACETAMOL 500MG,0,11,1,"0,00 Ar","1 000,00 Ar","10 000,00 Ar",30/04/2025,
PRDT--719,Paracetamol sirop 100ml ,0,0,0,"0,00 Ar","0,00 Ar","5 000,00 Ar",30/07/2025,
PRDT--666,PARACETAMOL SOL PERF (PERFALGAN ),0,0,0,"0,00 Ar","0,00 Ar","12 500,00 Ar",30/05/2025,
PRDT--638,PARAFIZZ 500MG COMP EFF,428,107,8,"600,00 Ar","2 400,00 Ar","28 800,00 Ar",30/01/2025,
PRDT--774,PARASEGIC SIROP,0,0,2,"0,00 Ar","0,00 Ar","4 500,00 Ar",30/04/2024,
PRDT--392,PEDIAVIT SIROP,0,0,5,"0,00 Ar","0,00 Ar","13 500,00 Ar",28/02/2024,
PRDT--368,PENICILLINE 1M INJ,0,56,5,"0,00 Ar","1 200,00 Ar","12 000,00 Ar",28/02/2025,
PRDT--486,PENICILLINE V (SPENIV),0,8,0,"0,00 Ar","2 500,00 Ar","25 000,00 Ar",01/11/2024,
PRDT--384,PERFALGAN 1G PERFUSION,0,0,0,"0,00 Ar","0,00 Ar","14 500,00 Ar",01/08/2022,
PRDT--367,PERIACTINE COMP,0,0,0,"1 500,00 Ar","22 500,00 Ar","45 000,00 Ar",01/06/2022,
PRDT--222,PERTAMOL 500MG COMP EFFER,573,143,28,"600,00 Ar","2 400,00 Ar","12 000,00 Ar",30/11/2025,
PRDT--223,PERVITA 500MG COMP EFFER,139,34,6,"600,00 Ar","2 400,00 Ar","12 000,00 Ar",30/06/2024,
PRDT--555,PHENERGAN CREME,0,0,4,"0,00 Ar","0,00 Ar","14 500,00 Ar",30/04/2025,
PRDT--506,PHENOBARBITAL 50MG,0,14,1,"0,00 Ar","1 000,00 Ar","10 000,00 Ar",30/07/2025,
PRDT--785,PHYTO DIABETE,0,0,1,"0,00 Ar","0,00 Ar","14 000,00 Ar",30/10/2024,
PRDT--370,PHYTO FOIE,0,0,1,"0,00 Ar","0,00 Ar","14 000,00 Ar",30/10/2024,
PRDT--572,PHYTORAL SHAMPOO(ketoconazole 2%),0,0,0,"0,00 Ar","0,00 Ar","30 000,00 Ar",30/10/2024,
PRDT--369,PHYTO REINS,0,0,0,"0,00 Ar","0,00 Ar","14 000,00 Ar",30/10/2024,
PRDT--342,PILL 72,0,0,0,"0,00 Ar","0,00 Ar","14 700,00 Ar",30/06/2023,
PRDT--373,PINKOO SIROP,0,0,3,"0,00 Ar","0,00 Ar","14 600,00 Ar",30/01/2025,
PRDT--669,PLEZ,0,0,16,"0,00 Ar","0,00 Ar","4 000,00 Ar",01/06/2026,
PRDT--704,PLEZ PARFUME,0,0,0,"0,00 Ar","0,00 Ar","5 000,00 Ar",30/11/2026,
PRDT--709,POLAMAX 4MG/5ML SIROP FL/150ML,0,0,0,"0,00 Ar","0,00 Ar","6 000,00 Ar",30/03/2023,
PRDT--363,POLYDEXA AURICUL,0,0,0,"0,00 Ar","0,00 Ar","14 900,00 Ar",30/11/2024,
PRDT--809,POLYGYNAX OVULE B/12,0,0,1,"0,00 Ar","0,00 Ar","33 500,00 Ar",30/05/2024,
PRDT--365,POLYGYNAX OVULE B/6,0,0,3,"0,00 Ar","0,00 Ar","19 700,00 Ar",30/01/2024,
PRDT--699,POSITON CREME,0,0,0,"0,00 Ar","0,00 Ar","19 000,00 Ar",30/12/2024,
PRDT--725,POSITON pommade,0,0,2,"0,00 Ar","0,00 Ar","19 000,00 Ar",30/06/2024,
PRDT--449,POUXIT CLASSIC GM,0,0,0,"0,00 Ar","0,00 Ar","41 000,00 Ar",01/04/2022,
PRDT--451,POUXIT CLASSIC PM,0,0,0,"0,00 Ar","0,00 Ar","41 000,00 Ar",01/10/2024,
PRDT--450,POUXIT XF,0,0,0,"0,00 Ar","0,00 Ar","41 000,00 Ar",01/06/2024,
PRDT--675,POVIDONE 10% FL/125ML(BETADINE JAUNE),0,0,0,"0,00 Ar","0,00 Ar","8 500,00 Ar",01/08/2024,
PRDT--351,PRAZIQUANTEL 600MG COMP,144,14,1,"900,00 Ar","9 000,00 Ar","90 000,00 Ar",30/09/2024,
PRDT--350,PREDNISOL-20,0,1,0,"0,00 Ar","3 700,00 Ar","37 000,00 Ar",30/12/2024,
PRDT--349,PREDNISOLON 5MG COMP B20*10,0,1,0,"0,00 Ar","1 000,00 Ar","20 000,00 Ar",30/08/2024,
PRDT--703,PREDNISOLONE 5MG COMP B10*10,0,4,0,"0,00 Ar","1 000,00 Ar","15 000,00 Ar",30/09/2026,
PRDT--341,PREGNON,0,0,1,"0,00 Ar","0,00 Ar","6 000,00 Ar",30/01/2027,
PRDT--393,PRIMALAN SIROP,0,0,0,"0,00 Ar","0,00 Ar","13 400,00 Ar",30/09/2024,
PRDT--507,PROFENID 100MG SUP,28,9,2,"2 000,00 Ar","10 800,00 Ar","21 500,00 Ar",30/09/2024,
PRDT--543,PROFENID GELULE,54,4,2,"600,00 Ar","7 200,00 Ar","14 400,00 Ar",28/02/2025,
PRDT--751,PROGESTERON RETARD ,0,6,2,"0,00 Ar","20 700,00 Ar","61 900,00 Ar",30/09/2025,
PRDT--576,PROMETAZINE SIROP,0,0,4,"0,00 Ar","0,00 Ar","3 700,00 Ar",30/06/2025,
PRDT--542,PROPANOLOL 40MG COMP,0,17,1,"0,00 Ar","1 500,00 Ar","15 000,00 Ar",30/12/2024,
PRDT--627,PROSTIGIMINE 0.5MG INJ,0,0,0,"0,00 Ar","3 800,00 Ar","21 500,00 Ar",01/02/2023,
PRDT--508,PROTORANGE SIROP,0,0,10,"0,00 Ar","0,00 Ar","9 500,00 Ar",30/08/2024,
PRDT--344,PULMOKOF SIROP,0,0,5,"0,00 Ar","0,00 Ar","12 400,00 Ar",28/02/2025,
PRDT--352,"QUININE INJ 0,6MG",0,0,0,"0,00 Ar","2 000,00 Ar","20 000,00 Ar",30/06/2024,
PRDT--510,QUININE SULFATE 300MG COMP,1,0,0,"600,00 Ar","6 000,00 Ar","60 000,00 Ar",30/09/2024,
PRDT--237,REVITALOSE AMP BUV,0,0,13,"0,00 Ar","0,00 Ar","43 000,00 Ar",28/02/2024,
PRDT--446,RHINATHIOL PROMATAZINE SIROP,0,0,0,"0,00 Ar","0,00 Ar","18 700,00 Ar",30/05/2024,
PRDT--371,RHINATHIOL TOUX GRAS AD SIROP,0,0,10,"0,00 Ar","0,00 Ar","17 000,00 Ar",30/03/2024,
PRDT--391,RHINATHIOL TOUX GRAS ENF ,0,0,0,"0,00 Ar","0,00 Ar","13 500,00 Ar",30/01/2024,
PRDT--602,RINGER LACTATE,0,0,22,"0,00 Ar","0,00 Ar","5 500,00 Ar",30/08/2025,
PRDT--625,RODOGYL COMP,0,0,2,"0,00 Ar","0,00 Ar","48 500,00 Ar",01/11/2023,
PRDT--388,ROVAMYCINE 1.5M UI COMP,48,6,3,"2 500,00 Ar","20 000,00 Ar","32 900,00 Ar",30/05/2025,
PRDT--372,ROVAMYCINE 3M COMP,38,3,3,"3 500,00 Ar","34 000,00 Ar","34 000,00 Ar",30/08/2024,
PRDT--374,ROX 150MG COMP,0,0,4,"0,00 Ar","0,00 Ar","4 900,00 Ar",28/02/2024,
PRDT--577,SAFORELLE SOIN LAVANT DOUX FL/100ML,0,0,4,"0,00 Ar","0,00 Ar","15 500,00 Ar",30/11/2024,
PRDT--511,SAFORELLE SOIN LAVANT DOUX FL/250ML,0,0,1,"0,00 Ar","0,00 Ar","24 700,00 Ar",30/10/2025,
PRDT--512,SALBUMOL 0.5MG INJ,0,12,2,"0,00 Ar","2 500,00 Ar","15 000,00 Ar",30/05/2025,
PRDT--343,SALBUTAMOL AERO,0,0,13,"0,00 Ar","0,00 Ar","13 000,00 Ar",30/08/2025,
PRDT--513,SARGENOR 1G AMP BUV,0,0,0,"0,00 Ar","0,00 Ar","38 500,00 Ar",01/05/2025,
PRDT--492,SARGENOR 1G SANS SUCRE COMP EFFER,0,4,2,"0,00 Ar","15 700,00 Ar","31 300,00 Ar",30/04/2024,
PRDT--493,SARGENOR AVEC VIT C,0,3,1,"0,00 Ar","19 500,00 Ar","38 500,00 Ar",30/06/2024,
PRDT--724,Savon CLASSIC,0,0,2,"0,00 Ar","0,00 Ar","2 500,00 Ar",30/10/2023,
PRDT--571,SAVON SANTEX,0,0,0,"0,00 Ar","0,00 Ar","2 500,00 Ar",30/10/2023,
PRDT--444,SELS DE REHYDRATATION ORALE,0,35,0,"0,00 Ar","900,00 Ar","45 000,00 Ar",30/01/2024,
PRDT--496,SERINGUE 10CC B/100,0,318,3,"0,00 Ar","500,00 Ar","50 000,00 Ar",30/10/2027,
PRDT--216,SERINGUE 2CC,0,202,2,"0,00 Ar","300,00 Ar","30 000,00 Ar",28/02/2027,
PRDT--217,SERINGUE 50CC,0,22,0,"0,00 Ar","2 000,00 Ar","50 000,00 Ar",28/02/2027,
PRDT--230,SERINGUE 5CC,0,550,5,"0,00 Ar","400,00 Ar","40 000,00 Ar",30/10/2027,
PRDT--570,SERUM GLUCOSE HYPERT 10%,0,0,2,"0,00 Ar","0,00 Ar","5 500,00 Ar",30/01/2025,
PRDT--495,SERUM GLUCOSE HYPERT 15%,0,0,0,"0,00 Ar","0,00 Ar","5 500,00 Ar",30/04/2024,
PRDT--734,SERUM PHYSIOLO ( BABYSOIN) B/20,0,0,0,"0,00 Ar","700,00 Ar","14 000,00 Ar",30/01/2025,
PRDT--234,SERUM PHYSIOLOQUE,0,54,1,"0,00 Ar","700,00 Ar","28 000,00 Ar",30/10/2025,
PRDT--347,"SERUM SALE ISOTONI 0,9%",0,0,21,"0,00 Ar","0,00 Ar","5 500,00 Ar",30/05/2025,
PRDT--348,SERUN GLUCOGE ISOTONI 5%,0,0,24,"0,00 Ar","0,00 Ar","5 500,00 Ar",30/01/2025,
PRDT--214,SILAGRA 50MG,0,0,18,"0,00 Ar","0,00 Ar","10 500,00 Ar",30/08/2024,
PRDT--805,SILDENAFIL 100MG COMP,0,0,9,"0,00 Ar","0,00 Ar","5 000,00 Ar",30/07/2025,
PRDT--806,SILDENAFIL 50MG COMP,0,0,6,"0,00 Ar","0,00 Ar","3 000,00 Ar",30/07/2025,
PRDT--494,SILDENAX COMP,0,0,0,"0,00 Ar","0,00 Ar","5 000,00 Ar",30/04/2025,
PRDT--497,SILVADEX POMMADE T/20,0,0,0,"0,00 Ar","0,00 Ar","4 000,00 Ar",30/12/2024,
PRDT--264,SIROP FARMAD AD,0,0,0,"0,00 Ar","0,00 Ar","22 500,00 Ar",30/08/2023,
PRDT--646,SIROP FARMAD BB,0,0,0,"0,00 Ar","0,00 Ar","17 700,00 Ar",01/03/2025,
PRDT--263,SIROP FARMAD ENF,0,0,4,"0,00 Ar","0,00 Ar","19 400,00 Ar",30/03/2025,
PRDT--694,SMECTA SACHET B/10,0,0,0,"0,00 Ar","0,00 Ar","15 000,00 Ar",30/10/2024,
PRDT--693,SMECTA SACHET B/30,0,0,0,"0,00 Ar","1 500,00 Ar","45 000,00 Ar",30/11/2024,
PRDT--213,SMECTA SACHET B/60,0,66,1,"0,00 Ar","1 500,00 Ar","90 000,00 Ar",30/03/2025,
PRDT--741,SOLUFORM CALCIUM VIT C COMP EFF,0,0,1,"0,00 Ar","0,00 Ar","19 900,00 Ar",30/11/2023,
PRDT--684,SOLUFORM MAGNESIUM VIT B6 COMP EFFER,0,0,1,"0,00 Ar","0,00 Ar","19 800,00 Ar",30/01/2024,
PRDT--648,SOLUFORM MULTIVIT  MINERAUX,0,0,3,"0,00 Ar","0,00 Ar","19 700,00 Ar",30/06/2024,
PRDT--742,SOLUFORM VIT ACE SELENIUM ZINC COMP EFF,0,0,0,"0,00 Ar","0,00 Ar","19 900,00 Ar",30/01/2024,
PRDT--573,SPARADRAP,0,0,2,"0,00 Ar","0,00 Ar","1 500,00 Ar",30/12/2025,
PRDT--658,SPARADRAP ROUL,0,0,1,"0,00 Ar","0,00 Ar","53 000,00 Ar",01/02/2023,
PRDT--364,spas,0,0,3,"0,00 Ar","0,00 Ar","33 500,00 Ar",30/05/2024,
PRDT--667,SPASFON COMP,38,3,1,"600,00 Ar","6 000,00 Ar","16 400,00 Ar",30/09/2027,
PRDT--398,SPASFON INJ ,0,19,3,"0,00 Ar","3 700,00 Ar","21 000,00 Ar",30/04/2024,
PRDT--400,SPASFON LYOC 160MG COMP,0,0,0,"0,00 Ar","0,00 Ar","21 000,00 Ar",30/07/2025,
PRDT--397,SPASFON LYOC 80MG COMP,0,0,0,"0,00 Ar","0,00 Ar","18 800,00 Ar",30/04/2024,
PRDT--399,SPASFON SUP,0,0,0,"1 700,00 Ar","8 500,00 Ar","16 500,00 Ar",30/05/2024,
PRDT--791,SPAY ARMICA,0,0,1,"0,00 Ar","0,00 Ar","16 600,00 Ar",30/10/2024,
PRDT--722,SPIRULINE GELULE B/80,0,0,1,"0,00 Ar","0,00 Ar","16 000,00 Ar",30/11/2023,
PRDT--721,SPIRULINE POUDRE T/30GR,0,0,0,"0,00 Ar","0,00 Ar","9 700,00 Ar",30/09/2023,
PRDT--389,STERDEX POMMADE OPHTAL,5,0,0,"1 200,00 Ar","7 200,00 Ar","14 400,00 Ar",30/12/2023,
PRDT--552,STERIMAR BB,0,0,0,"0,00 Ar","0,00 Ar","29 000,00 Ar",01/07/2024,
PRDT--626,STEROGYL GOUTTE,0,0,1,"0,00 Ar","0,00 Ar","14 600,00 Ar",30/03/2027,
PRDT--394,STIMOL AMP BUV,0,0,0,"0,00 Ar","0,00 Ar","38 500,00 Ar",30/01/2025,
PRDT--487,STREPSILS FRAISE SANS SUCRE,72,6,3,"2 900,00 Ar","33 000,00 Ar","66 000,00 Ar",30/09/2025,
PRDT--757,STREPSILS  ORANGE VIT C,7,0,0,"3 000,00 Ar","36 500,00 Ar","73 000,00 Ar",30/04/2024,
PRDT--665,STREPSILS PAST MIEL CITRON,15,1,0,"3 000,00 Ar","36 500,00 Ar","73 000,00 Ar",30/05/2025,
PRDT--773,SUP CRISTAL AD,30,6,3,"1 500,00 Ar","7 500,00 Ar","15 000,00 Ar",30/06/2025,
PRDT--772,SUP CRISTAL BB,20,4,2,"1 200,00 Ar","6 000,00 Ar","11 600,00 Ar",30/09/2025,
PRDT--390,SYNERGON INJ,0,4,1,"0,00 Ar","8 900,00 Ar","15 500,00 Ar",30/05/2024,
PRDT--527,SYXTEN SIROP 2% ENF,0,0,0,"0,00 Ar","0,00 Ar","5 500,00 Ar",30/04/2025,
PRDT--488,SYXTEN SIROP 5% AD,0,0,0,"0,00 Ar","0,00 Ar","6 900,00 Ar",30/04/2025,
PRDT--588,TALC BB EBN CARTON,0,0,0,"0,00 Ar","0,00 Ar","1 000,00 Ar",30/12/2023,
PRDT--586,TALC BB EN PLAST GM,0,0,0,"0,00 Ar","0,00 Ar","4 000,00 Ar",30/03/2024,
PRDT--587,TALC BB EN PLAST PM,0,0,1,"0,00 Ar","0,00 Ar","2 000,00 Ar",30/03/2024,
PRDT--386,TANAKAN COMP,0,6,3,"0,00 Ar","23 000,00 Ar","45 700,00 Ar",30/07/2024,
PRDT--385,TANAKAN GOUTTE,0,0,0,"0,00 Ar","0,00 Ar","40 300,00 Ar",01/08/2022,
PRDT--689,TANGANIL PRO 500MG COMP,152,15,5,"1 000,00 Ar","10 000,00 Ar","30 000,00 Ar",30/09/2025,
PRDT--657,TD LP COMP B/4,0,0,1,"0,00 Ar","0,00 Ar","27 400,00 Ar",30/01/2025,
PRDT--418,TEGRETOL 200MG COMP,0,7,1,"0,00 Ar","6 500,00 Ar","32 500,00 Ar",30/10/2023,
PRDT--424,TENORMINE 100MG COMP,0,0,2,"0,00 Ar","0,00 Ar","49 400,00 Ar",30/10/2024,
PRDT--425,TENORMINE 50MG COMP,0,0,2,"0,00 Ar","0,00 Ar","26 800,00 Ar",30/08/2024,
PRDT--426,TENSIONORME COMP,0,0,4,"0,00 Ar","0,00 Ar","12 500,00 Ar",30/05/2026,
PRDT--401,TERGYNAN OVULE,0,0,6,"0,00 Ar","0,00 Ar","25 700,00 Ar",30/03/2025,
PRDT--377,TERPONE SIROP AD,0,0,2,"0,00 Ar","0,00 Ar","13 500,00 Ar",30/06/2024,
PRDT--379,TERPONE SIROP ENF,0,0,0,"0,00 Ar","0,00 Ar","13 300,00 Ar",28/02/2023,
PRDT--735,TEST CASSETTE ,0,0,22,"0,00 Ar","0,00 Ar","3 000,00 Ar",30/09/2025,
PRDT--160,TESTE DE GROSSESSE,0,52,1,"0,00 Ar","2 000,00 Ar","200 000,00 Ar",30/05/2025,
PRDT--548,TESTE DE GROSSESSE STYLO,0,0,16,"0,00 Ar","0,00 Ar","5 500,00 Ar",30/11/2025,
PRDT--550,TESTE D OVULATION,0,0,0,"0,00 Ar","0,00 Ar","6 500,00 Ar",01/07/2024,
PRDT--702,TETINE REMOND,0,0,3,"0,00 Ar","0,00 Ar","18 500,00 Ar",30/03/2025,
PRDT--346,TETRACYCLINE 1% OPTA,0,0,16,"0,00 Ar","0,00 Ar","1 000,00 Ar",30/06/2025,
PRDT--219,TETRACYCLINE 250MG,0,38,3,"0,00 Ar","1 500,00 Ar","15 000,00 Ar",01/02/2025,
PRDT--345,TETRACYCLINE 3% POMMADE DERM,0,0,7,"0,00 Ar","0,00 Ar","2 000,00 Ar",30/08/2025,
PRDT--679,THERMOMETRE ELECTRONIC,0,0,0,"0,00 Ar","0,00 Ar","25 000,00 Ar",01/12/2025,
PRDT--654,THIOBACTIN 250MG SUSP,0,0,0,"0,00 Ar","0,00 Ar","27 900,00 Ar",30/10/2023,
PRDT--428,THIOBACTIN 500MG COMP,0,0,0,"0,00 Ar","0,00 Ar","58 900,00 Ar",30/08/2024,
PRDT--427,TILDIEM 60MG COMP,0,0,2,"0,00 Ar","0,00 Ar","15 700,00 Ar",30/12/2024,
PRDT--810,TIMOPTOL LP collyr 0.5 ,0,0,3,"0,00 Ar","0,00 Ar","47 700,00 Ar",30/09/2023,
PRDT--628,TIORFAN BB 10MG SACHET,0,42,2,"0,00 Ar","1 900,00 Ar","30 000,00 Ar",30/10/2024,
PRDT--673,TIORFAN ENF 30MG SACHET,0,0,0,"0,00 Ar","1 000,00 Ar","30 000,00 Ar",01/06/2023,
PRDT--519,TITANOREINE CREME,0,0,2,"0,00 Ar","0,00 Ar","39 700,00 Ar",30/05/2024,
PRDT--429,TITANOREINE SUP,22,3,1,"4 500,00 Ar","27 000,00 Ar","54 000,00 Ar",30/05/2024,
PRDT--416,TOFLOX 200MG COMP ,0,19,1,"0,00 Ar","3 900,00 Ar","35 000,00 Ar",30/10/2025,
PRDT--378,TOPLEXIL SIROP,0,0,0,"0,00 Ar","0,00 Ar","13 500,00 Ar",30/04/2025,
PRDT--387,TOT-HEMA AMP BUV,0,0,1,"0,00 Ar","0,00 Ar","28 900,00 Ar",28/02/2024,
PRDT--423,TRANXENE 10MG GELULE,0,0,0,"700,00 Ar","7 000,00 Ar","20 700,00 Ar",30/06/2024,
PRDT--417,TRANXENE 5MG GELULE,116,11,3,"500,00 Ar","5 000,00 Ar","12 300,00 Ar",30/01/2024,
PRDT--445,TRES - ORIX SIROP,0,0,14,"0,00 Ar","0,00 Ar","19 000,00 Ar",30/10/2024,
PRDT--382,TRIATEC 10MG COMP,0,5,2,"0,00 Ar","62 000,00 Ar","124 000,00 Ar",30/07/2024,
PRDT--383,TRIATEC 5MG COMP,0,1,0,"0,00 Ar","54 500,00 Ar","108 500,00 Ar",30/09/2024,
PRDT--419,TRIMOL COMP,0,0,3,"0,00 Ar","0,00 Ar","3 000,00 Ar",30/08/2025,
PRDT--405,"TRITAZIDE 10/12,5MG COMP",0,4,2,"0,00 Ar","28 700,00 Ar","57 300,00 Ar",28/02/2024,
PRDT--404,TRITAZIDE 10/25MG COMP,0,5,2,"0,00 Ar","31 000,00 Ar","62 000,00 Ar",30/03/2025,
PRDT--403,"TRITAZIDE 5/12,5MG COMP",0,8,4,"0,00 Ar","18 800,00 Ar","37 500,00 Ar",30/03/2025,
PRDT--402,TRITAZIDE 5/25MG COMP,0,9,4,"0,00 Ar","26 500,00 Ar","52 800,00 Ar",30/06/2024,
PRDT--522,TRIZYN 10MG COMP,0,12,0,"0,00 Ar","1 800,00 Ar","36 000,00 Ar",30/04/2025,
PRDT--489,TROUSE A PERFUSEUR,0,3 020,30,"0,00 Ar","2 500,00 Ar","250 000,00 Ar",28/02/2027,
PRDT--760,TURBOVAS 20mg cpr 30,0,0,0,"0,00 Ar","0,00 Ar","51 500,00 Ar",30/08/2025,
PRDT--248,TUSSILSEDAL sp ,0,0,1,"0,00 Ar","0,00 Ar","14 700,00 Ar",30/03/2025,
PRDT--490,ULTRALEVURE 100MG SACHET,0,0,0,"0,00 Ar","1 700,00 Ar","33 700,00 Ar",01/07/2024,
PRDT--491,ULTRALEVURE 250MGMG SACHET,0,0,0,"0,00 Ar","3 000,00 Ar","29 500,00 Ar",30/06/2023,
PRDT--482,ULTRALEVURE LYOP 50MG GELULE,0,83,4,"0,00 Ar","900,00 Ar","16 400,00 Ar",30/04/2024,
PRDT--421,UPSA C 1G COMP EFFER,0,0,1,"0,00 Ar","0,00 Ar","10 000,00 Ar",30/11/2023,
PRDT--569,URONOR COMP,0,0,0,"0,00 Ar","4 900,00 Ar","49 000,00 Ar",30/12/2023,
PRDT--422,UVIMAG B6 AMP BUV,0,6,3,"0,00 Ar","16 500,00 Ar","32 700,00 Ar",30/12/2024,
PRDT--415,VALIUM 10MG AMP INJ,0,0,0,"0,00 Ar","5 400,00 Ar","54 000,00 Ar",01/10/2022,
PRDT--432,VALIUM 10MG COMP,0,0,0,"1 300,00 Ar","13 000,00 Ar","32 500,00 Ar",01/07/2025,
PRDT--433,VALIUM 5MG COMP,5,0,0,"1 200,00 Ar","26 500,00 Ar","26 500,00 Ar",30/04/2026,
PRDT--589,VASELINE,0,0,0,"0,00 Ar","0,00 Ar","3 500,00 Ar",30/03/2024,
PRDT--437,VASTAREL 35MG COMP,248,8,4,"1 500,00 Ar","45 000,00 Ar","90 000,00 Ar",30/06/2025,
PRDT--558,VEGEBOM MM SECOURS,0,0,0,"0,00 Ar","0,00 Ar","16 500,00 Ar",30/05/2025,
PRDT--670,VEGEBOM T/7.5,0,0,0,"0,00 Ar","0,00 Ar","5 500,00 Ar",30/01/2024,
PRDT--483,VENTOLINE AEROSOL,0,0,0,"0,00 Ar","0,00 Ar","17 500,00 Ar",30/08/2024,
PRDT--380,VISCERALGINE SIROP,0,0,0,"0,00 Ar","0,00 Ar","12 700,00 Ar",30/06/2025,
PRDT--518,VITAMINE B COMPLEX DENK COMP,0,3,0,"0,00 Ar","6 000,00 Ar","60 000,00 Ar",30/07/2024,
PRDT--435,VITAMINE B COMPLEX INJ,0,0,0,"0,00 Ar","1 500,00 Ar","15 000,00 Ar",03/01/2025,
PRDT--629,VITAMINE B COMPLEX NCPC COMP,0,19,0,"0,00 Ar","5 500,00 Ar","165 000,00 Ar",30/10/2026,
PRDT--381,VITAMINE B COMPLEX  SIROP,0,0,0,"0,00 Ar","0,00 Ar","4 500,00 Ar",30/07/2024,
PRDT--807,VITAMINE B COMPLEX SIROP SHIFA,0,0,7,"0,00 Ar","0,00 Ar","4 000,00 Ar",30/09/2025,
PRDT--695,VITAMINE C 1000MG PLUS ZINC COMP EFFER,0,0,0,"0,00 Ar","0,00 Ar","7 000,00 Ar",30/01/2025,
PRDT--630,VITAMINE C 500MG COMP B/2*10,0,0,0,"0,00 Ar","3 000,00 Ar","6 000,00 Ar",01/04/2023,
PRDT--808,VITAMINE C 500MG COMP EFF,165,41,8,"500,00 Ar","2 000,00 Ar","9 400,00 Ar",30/09/2024,
PRDT--224,VITAMINE C 500MG COMP NCPC,0,60,6,"0,00 Ar","3 500,00 Ar","35 000,00 Ar",30/05/2024,
PRDT--436,VITAMINE C INJ,0,16,1,"0,00 Ar","700,00 Ar","7 000,00 Ar",30/09/2023,
PRDT--218,VITAMINE E 100MG,0,46,4,"0,00 Ar","1 500,00 Ar","15 000,00 Ar",30/09/2025,
PRDT--631,VITAMINE K1 INJ,0,3,0,"0,00 Ar","1 800,00 Ar","18 000,00 Ar",30/07/2024,
PRDT--440,VITASCORBOL 500MG COMP A CROQUER,0,0,0,"0,00 Ar","0,00 Ar","15 000,00 Ar",30/04/2024,
PRDT--484,VITASCORBOL 500MG COMP SANS SUCRE B/2*12,0,0,0,"0,00 Ar","9 500,00 Ar","19 000,00 Ar",30/04/2024,
PRDT--780,VIT K1 10mg inj / Amp buv ,0,5,1,"0,00 Ar","7 900,00 Ar","39 500,00 Ar",30/09/2024,
PRDT--544,VIVIAN GEL,0,0,0,"0,00 Ar","0,00 Ar","5 900,00 Ar",28/02/2025,
PRDT--632,VOGALENE SOL BUV,0,0,0,"0,00 Ar","0,00 Ar","23 000,00 Ar",01/06/2023,
PRDT--438,VOGALENE SUP,43,8,4,"1 200,00 Ar","6 000,00 Ar","12 000,00 Ar",30/08/2025,
PRDT--442,VOLTARENE 100MG SUP,54,10,5,"2 500,00 Ar","12 500,00 Ar","21 000,00 Ar",30/04/2025,
PRDT--557,VOLTARENE EMULGEL,0,0,1,"0,00 Ar","0,00 Ar","15 900,00 Ar",28/02/2024,
PRDT--690,VOLTARENE LP 100 MG COMP,14,0,0,"2 200,00 Ar","29 600,00 Ar","29 600,00 Ar",30/08/2024,
PRDT--441,VOLTARENE LP 75MG COMP,63,6,3,"1 800,00 Ar","18 000,00 Ar","47 200,00 Ar",30/07/2025,
PRDT--443,VOLTFAST 50MG SACHET,0,9,1,"0,00 Ar","2 400,00 Ar","19 500,00 Ar",30/10/2024,
PRDT--439,VOLTINAX DICLO COMP,0,3,1,"0,00 Ar","4 000,00 Ar","8 000,00 Ar",28/02/2025,
PRDT--528,VOLTINAX GEL CHAUFFANT,0,0,14,"0,00 Ar","0,00 Ar","12 400,00 Ar",28/02/2025,
PRDT--743,X-TOR 20MG COMP,0,0,0,"0,00 Ar","9 800,00 Ar","29 300,00 Ar",30/04/2024,
PRDT--431,ZAART 50MG COMP,0,5,0,"0,00 Ar","8 000,00 Ar","80 000,00 Ar",30/06/2024,
PRDT--430,ZAART-H COMP,0,2,0,"0,00 Ar","11 700,00 Ar","35 400,00 Ar",30/09/2023,
PRDT--755,ZADITEN SIROT,0,0,1,"0,00 Ar","0,00 Ar","38 000,00 Ar",01/05/2024,
PRDT--408,ZEBEN 400MG COMP,0,0,0,"0,00 Ar","0,00 Ar","3 700,00 Ar",01/02/2026,
PRDT--407,ZENTEL 400MG COMP,0,0,0,"0,00 Ar","0,00 Ar","10 000,00 Ar",30/07/2026,
PRDT--746,ZENTEL SUSP BUV,0,0,0,"0,00 Ar","0,00 Ar","10 500,00 Ar",30/06/2024,
PRDT--409,ZERODOL P COMP B/20,0,0,0,"0,00 Ar","6 500,00 Ar","19 500,00 Ar",30/06/2024,
PRDT--761,ZERODOL P COMP B/4,12,3,3,"1 000,00 Ar","4 000,00 Ar","4 000,00 Ar",30/05/2023,
PRDT--485,ZINC 25MG COMP EFFER,0,0,3,"0,00 Ar","0,00 Ar","6 500,00 Ar",30/03/2025,
PRDT--723,ZINNIA F COMP B/3*28,0,1,0,"0,00 Ar","4 700,00 Ar","13 900,00 Ar",30/06/2025,
PRDT--410,ZOCIN 500MG COMP,0,0,3,"0,00 Ar","0,00 Ar","26 500,00 Ar",30/07/2025,
PRDT--539,ZOCIN SIROP,0,0,4,"0,00 Ar","0,00 Ar","29 700,00 Ar",30/08/2024,
PRDT--412,ZYLORIC 100MG COMP,0,0,3,"0,00 Ar","0,00 Ar","12 500,00 Ar",30/01/2026,
PRDT--413,ZYLORIC 200MG COMP,0,0,0,"0,00 Ar","0,00 Ar","17 700,00 Ar",01/05/2024,
PRDT--414,ZYLORIC 300MG COMP,0,0,2,"0,00 Ar","0,00 Ar","24 500,00 Ar",01/01/2026,
PRDT--411,ZYRTEC 10MG COMP,0,0,2,"0,00 Ar","0,00 Ar","27 700,00 Ar",30/07/2026,
